0, playgro baby toy ball trio, 12.90, 1ea, 12.90, each, 1, 1423313819.38
0, playgro baby toys assorted, 6.45, 1ea, 6.45, each, 1, 1423313819.38
0, playgro baby toys wiggling friend noahs ark, NA, NA, 10.74, each, 1, 1423313819.38
0, playgro baby toys wiggling tag along, NA, NA, 13.96, each, 1, 1423313819.38
0, tommee tippee baby toys soft shake, NA, NA, 7.53, each, 1, 1423313819.38
0, tommee tippee baby toys tummee tickles, NA, NA, 17.20, each, 1, 1423313819.38
0, tommee tippee bath toys bath squirts, 1.88, 1ea, 5.64, 3pk, 1, 1423313819.38
0, playgro bathtime splashbook, NA, NA, 5.36, each, 1, 1423313819.38
0, playgro bathtime squirties, 1.34, 1ea, 10.74, 8pk, 1, 1423313819.38
0, disney pooh bear blanket polar fleece throw, 12.90, 1ea, 12.90, each, 1, 1423313819.38
0, disney plush toys 20cm, 10.75, 1ea, 10.75, each, 1, 1423313819.38
0, chuggington pre school toys vehicle, NA, NA, 9.68, each, 1, 1423313819.38
0, mattel pre school toys character vehicles, NA, NA, 11.83, each, 1, 1423313819.38
0, playdoh pre school toys favourite brands, NA, NA, 10.75, each, 1, 1423313819.38
0, playgro pre school toys musical mobile phone rattle, 10.74, 1ea, 10.74, each, 1, 1423313819.38
0, thomas pre school toys take along thomas vehicle asst, NA, NA, 10.75, each, 1, 1423313819.38
0, baby blanket cotton, 12.90, 1ea, 12.90, each, 1, 1423313819.7
0, disney blanket comforter, 10.75, 1ea, 10.75, each, 1, 1423313819.71
0, happy tots blanket teddy assorted, 9.41, 1ea, 9.41, each, 1, 1423313819.71
0, woolworths select cloths wash baby, 0.99, 1ea, 5.91, 6pk, 1, 1423313819.71
0, avent soother fashion 0-6 months, 6.59, 1ea, 13.17, 2pk, 1, 1423313819.71
0, avent soother fashion 6-18months, 6.59, 1ea, 13.17, 2pk, 1, 1423313819.71
0, avent soother night 0-6 months, 6.59, 1ea, 13.17, 2pk, 1, 1423313819.71
0, avent animal soother 0-6 months, 6.59, 1ea, 13.17, 2pk, 1, 1423313819.71
0, avent animal soother 6-18 months, 6.59, 1ea, 13.17, 2pk, 1, 1423313819.71
0, avent translucent soother 0-6 months, 6.59, 1ea, 13.17, 2pk, 1, 1423313819.71
0, avent translucent soother 6-18 months, 6.59, 1ea, 13.17, 2pk, 1, 1423313819.71
0, closer to nature soother 0 - 3 months, 5.91, 1ea, 11.81, 2pk, 1, 1423313819.71
0, closer to nature soother 3 - 9 months, 5.91, 1ea, 11.81, 2pk, 1, 1423313819.71
0, closer to nature soother 9 - 18 months, 5.91, 1ea, 11.81, 2pk, 1, 1423313819.71
0, happy baby soother extra large, 1.79, 1ea, 5.38, 3pk, 1, 1423313819.71
0, happy baby soother large, 1.79, 1ea, 5.38, 3pk, 1, 1423313819.71
0, happy baby soother medium, 1.94, 1ea, 3.87, 2pk, 1, 1423313819.71
0, happy baby soother small, 1.94, 1ea, 3.87, 2pk, 1, 1423313819.71
0, mini portable soother steriliser blue, 10.74, 1ea, 10.74, each, 1, 1423313820.12
0, nuby soother paci-finder, 4.30, 1ea, 8.60, 2pk, 1, 1423313820.12
0, nuby classic orthodontic soother pacifier 0-6months, 5.37, 1ea, 10.74, print 2pk, 1, 1423313820.12
0, nuby classic orthodontic soother pacifier 6-18months, 5.37, 1ea, 10.74, print 2pk, 1, 1423313820.12
0, nuby classic oval soother pacifier 0-6months, 5.37, 1ea, 10.74, print 2pk, 1, 1423313820.12
0, nuby classic oval soother pacifier 6-18months, 5.37, 1ea, 10.74, print 2pk, 1, 1423313820.12
0, tommee tippee soother holder 0+ months, 4.57, 1ea, 9.14, 2pk, 1, 1423313820.12
0, tommee tippee soother miomee orthodontic comforter, 6.45, 1ea, 6.45, 1pk 6-12 months, 1, 1423313820.12
0, tommee tippee soother miomee orthodontic comforter, 6.45, 1ea, 6.45, 1pk 12 months+, 1, 1423313820.12
0, heinz teether my little star, 2.68, 1ea, 5.36, 2pk, 1, 1423313820.12
0, little wishes teether water filled, 1.52, 1ea, 4.57, 3pk, 1, 1423313820.12
0, little wishes teether water filled, 4.57, 1ea, 4.57, each, 1, 1423313820.12
0, nuby teether bug-a-loop, NA, NA, 11.80, each, 1, 1423313820.12
0, nuby teether keys, NA, NA, 10.74, each, 1, 1423313820.12
0, playgro teether chewy links, NA, NA, 10.74, each, 1, 1423313820.12
0, playgro teether pram book farm friends, NA, NA, 10.74, each, 1, 1423313820.12
0, tommee tippee teether fish shaped, NA, NA, 7.53, each, 1, 1423313820.12
0, wisdom cold pack disney teether, NA, NA, 4.57, each, 1, 1423313820.12
