b&uuml;rgen fruit bread with muesli, 5.7, 0.1KG, 3.99, 0.7KG, 1
homebrand fruit toast raisin, NA, NA, 2.00, 0.56KG, 1
mighty soft fruit toast raisin extra thick, 6.7, 0.1KG, 3.99, 0.6KG, 1
tip top fruit breakfast toast wholemeal, 8.7, 0.1KG, 5.20, 0.6KG, 1
tip top fruit toast raisin, 10.0, 0.1KG, 5.20, 0.52KG, 1
tip top cafe style fruit breakfast toast wholegrain, 8.9, 0.1KG, 5.80, 0.65KG, 1
tip top cafe style fruit toast raisin extra thick, 8.9, 0.1KG, 5.80, 0.65KG, 1
tip top spicy fruit bread, 8.6, 0.1KG, 5.59, 0.65KG, 1
burgen gluten free chia and sunflower bread, 10.8, 0.1KG, 6.99, 0.65KG, 1
burgen gluten free fruit bread, 12.3, 0.1KG, 7.99, 0.65KG, 1
burgen gluten free soy and linseed bread, 10.8, 0.1KG, 6.99, 0.65KG, 1
burgen gluten free white bread, 11.7, 0.1KG, 6.99, 0.6KG, 1
helga's gluten free 5 seed, 12.1, 0.1KG, 6.99, 0.58KG, 1
helga's gluten free soy and linseed, 12.1, 0.1KG, 6.99, 0.58KG, 1
helga's gluten free sunflower and red quinoa, 12.1, 0.1KG, 6.99, 0.58KG, 1
abbotts village grain and harvest seeds bread, 6.3, 0.1KG, 4.75, 0.75KG, 1
abbotts village country grain bread, 5.6, 0.1KG, 4.75, 0.85KG, 1
bills organic multi grain bread, 9.7, 0.1KG, 5.99, 0.62KG, 1
b&uuml;rgen grain bread pumpkin seeds, 5.7, 0.1KG, 3.99, 0.7KG, 1
b&uuml;rgen grain bread soy and linseed, 6.4, 0.1KG, 4.49, 0.7KG, 1
b&uuml;rgen whole grain and oats bread, 5.7, 0.1KG, 3.99, 0.7KG, 1
country life grain and organic rye bread, 10.1, 0.1KG, 6.85, 0.68KG, 1
country life multi grain bread gluten free, 11.5, 0.1KG, 6.69, 0.58KG, 1
helga's grain bread mixed grain, 4.1, 0.1KG, 3.50, 0.85KG, 1
helga's grain bread pumpkin five seeds, 4.1, 0.1KG, 3.50, 0.72KG, 1
helga's grain bread soy and linseed, 4.1, 0.1KG, 3.50, 0.75KG, 1
helgas lower carb grain 5 seed, 7.8, 0.1KG, 5.49, 0.7KG, 1
helgas lower carb grain soy toasted sesame, 7.8, 0.1KG, 5.49, 0.7KG, 1
helgas lower carb grain sunflower golden linseed, 7.8, 0.1KG, 5.49, 0.7KG, 1
helgas whole grain bread with quinoa and flaxseed, 4.1, 0.1KG, 3.50, 0.7KG, 1
homebrand multi grain sliced bread, 2.3, 0.1KG, 1.50, 0.65KG, 1
lawsons traditional grain bread settlers blend, 7.2, 0.1KG, 5.79, 0.8KG, 1
mighty soft multi grain large slice, 4.8, 0.1KG, 3.39, 0.7KG, 1
molenberg 12 grain and seeds bread, 7.8, 0.1KG, 5.49, 0.7KG, 1
schwob's swiss farmer grain cob, 6.4, 0.1KG, 5.09, 0.8KG, 1
schwob's whole grain loaf, 8.4, 0.1KG, 5.19, 0.62KG, 1
tip top 9 grain bread original, 6.3, 0.1KG, 4.39, 0.7KG, 1
tip top 9 grain bread plus wholemeal, 5.9, 0.1KG, 4.39, 0.75KG, 1
tip top 9 grain bread pumpkin seed, 6.3, 0.1KG, 4.39, 0.7KG, 1
tip top sunblest multi grain sandwich bread, 3.8, 0.1KG, 2.50, 0.65KG, 1
woolworths select grain bread oats and wholegrain, 8.2, 0.1KG, 4.89, 0.6KG, 1
woolworths select grain bread seeded rye and quinoa, 8.2, 0.1KG, 4.89, 0.6KG, 1
woolworths select grain bread soy and linseed, 8.2, 0.1KG, 4.89, 0.6KG, 1
woolworths select mixed grain sandwich bread, 4.0, 0.1KG, 2.80, 0.7KG, 1
abbotts village light rye bread, 7.0, 0.1KG, 4.75, 0.68KG, 1
bills organic medium rye bread, 9.7, 0.1KG, 5.99, 0.62KG, 1
country life organic rye 94% wheat free, 7.6, 0.1KG, 6.85, 0.9KG, 1
helgas light rye bread, 4.1, 0.1KG, 3.50, 0.68KG, 1
schwob's kibbled rye bread, 8.2, 0.1KG, 5.09, 0.62KG, 1
schwob's swiss farmer dark rye cob, 6.4, 0.1KG, 5.09, 0.8KG, 1
schwob's swiss farmer light rye cob, 6.4, 0.1KG, 5.09, 0.7KG, 1
tip top b&uuml;rgen rye bread, 5.7, 0.1KG, 3.99, 0.7KG, 1
schwob's roasted seed loaf, 8.4, 0.1KG, 5.19, 0.62KG, 1
bills organic sourdough hi fibre, 9.7, 0.1KG, 5.99, 0.62KG, 1
bills organic hi fibre sourdough bread with flaxseed, 9.7, 0.1KG, 5.99, 0.62KG, 1
sauers aroma sourdough rye, 8.0, 0.1KG, 4.79, 0.6KG, 1
schwobs white sourdough cob, 6.4, 0.1KG, 5.09, 0.8KG, 1
schwob's soy and linseed loaf, 8.2, 0.1KG, 5.09, 0.62KG, 1
abbotts village rustic white, 6.3, 0.1KG, 4.75, 0.75KG, 1
buttercup country split white bread, 8.4, 0.1KG, 3.79, 0.45KG, 1
country life white gluten free, 12.9, 0.1KG, 6.69, 0.52KG, 1
country life white gluten, wheat and yeast free, 11.0, 0.1KG, 6.89, 0.625KG, 1
country life white low gi and gluten free, 11.9, 0.1KG, 6.89, 0.58KG, 1
helgas traditional white bread, 4.1, 0.1KG, 3.50, 0.75KG, 1
homebrand white sandwich slice bread, 1.3, 0.1KG, 0.85, 0.65KG, 1
homebrand white toast slice bread, 1.3, 0.1KG, 0.85, 0.65KG, 1
lawsons traditional white bread, 7.2, 0.1KG, 5.79, 0.8KG, 1
mighty soft white large slice sandwich, 4.8, 0.1KG, 3.39, 0.7KG, 1
mighty soft white large slice thick, 4.8, 0.1KG, 3.39, 0.7KG, 1
tip top sunblest white mini loaf, 6.3, 0.1KG, 2.50, 0.4KG, 1
tip top sunblest white sandwich bread, 3.8, 0.1KG, 2.50, 0.65KG, 1
tip top the one white omega 3 sandwich bread, 5.7, 0.1KG, 3.98, 0.7KG, 1
tip top the one white sandwich bread, 5.7, 0.1KG, 3.98, 0.7KG, 1
tip top the one white toast bread, 5.7, 0.1KG, 3.98, 0.7KG, 1
wonder white white hi fibre sandwich slice bread, 4.7, 0.1KG, 3.30, 0.7KG, 1
wonder white white hi fibre toast slice bread, 4.7, 0.1KG, 3.30, 0.7KG, 1
wonder white white toast vitamins and minerals, 4.7, 0.1KG, 3.30, 0.7KG, 1
wonder white white vitamins and minerals sandwich, 4.7, 0.1KG, 3.30, 0.7KG, 1
woolworths select white sandwich vitamins and minerals, 4.0, 0.1KG, 2.80, 0.7KG, 1
abbotts village wholemeal farmhouse bread, 6.3, 0.1KG, 4.75, 0.75KG, 1
bills organic 100% wholemeal bread, 9.7, 0.1KG, 5.99, 0.62KG, 1
buttercup country split wholemeal bread, 8.4, 0.1KG, 3.79, 0.45KG, 1
helga's wholemeal bread with grains, 4.1, 0.1KG, 3.50, 0.75KG, 1
helgas traditional wholemeal bread, 4.1, 0.1KG, 3.50, 0.75KG, 1
homebrand wholemeal bread, 2.3, 0.1KG, 1.50, 0.65KG, 1
mighty soft wholemeal large slice, 4.8, 0.1KG, 3.39, 0.7KG, 1
tip top b&uuml;rgen wholemeal with seeds, 5.7, 0.1KG, 3.99, 0.7KG, 1
tip top sunblest wholemeal mini loaf, 6.3, 0.1KG, 2.50, 0.4KG, 1
tip top sunblest wholemeal sandwich bread, 3.8, 0.1KG, 2.50, 0.65KG, 1
tip top the one wholemeal sandwich bread, 5.7, 0.1KG, 3.98, 0.7KG, 1
wonder white wholemeal with iron sandwich slice, 4.7, 0.1KG, 3.30, 0.7KG, 1
woolworths select wholemeal and spelt seed, 8.2, 0.1KG, 4.89, 0.6KG, 1
woolworths select wholemeal sandwich vitamins and iron, 4.0, 0.1KG, 2.80, 0.7KG, 1
woolworths croissants jumbo, 0.83, 1ea, 10.00, 12pk, 1
woolworths cup cakes mini iced sprinkles, 0.42, 1ea, 10.00, 24pk, 1
woolworths donuts jam ball, 0.50, 1ea, 9.00, 18pk, 1
woolworths fruit cake loaves, 2.83, 1ea, 8.49, 3pk, 1
woolworths muffin mini, 0.42, 1ea, 10.00, 24pk, 1
golden bites banana and choc chip, 26.3, 0.1KG, 4.99, 0.19KG, 1
golden bites choc fudge brownie, 20.8, 0.1KG, 4.99, 0.24KG, 1
golden bites very berry vanilla, 26.3, 0.1KG, 4.99, 0.19KG, 1
toscano brioche chocolate chip rolls, 17.8, 0.1KG, 4.98, 0.28KG, 1
toscano brioche milk and honey rolls, 17.8, 0.1KG, 4.98, 0.28KG, 1
weight watchers brownie belgian chocolate, 47.5, 0.1KG, 4.99, 0.105KG, 1
balconi cake bars sponge with low fat cocoa, 15.1, 0.1KG, 5.30, 0.35KG, 1
balconi choc orange cake bars, 20.0, 0.1KG, 7.00, 0.35KG, 1
banquet cheese cake blueberry, 10.0, 0.1KG, 4.49, 0.45KG, 1
banquet cheese cake lemon, 10.0, 0.1KG, 4.49, 0.45KG, 1
elanas cup cake valentines day, 25.0, 0.1KG, 4.50, 0.18KG, 1
homebrand cake fruit dark, 4.1, 0.1KG, 3.29, 0.8KG, 1
homebrand cake fruit light, 4.1, 0.1KG, 3.29, 0.8KG, 1
macro gluten free cake bites berry, 19.2, 0.1KG, 4.99, 0.26KG, 1
mills and wares cake jame rollettes, 10.0, 0.1KG, 2.49, 0.25KG, 1
mills and wares cake madeira, 8.0, 0.1KG, 3.19, 0.4KG, 1
mills and wares sponge cake assorted mini rolls, 10.0, 0.1KG, 2.49, 0.25KG, 1
mills and wares sponge cake iced chocolate rolls, 8.2, 0.1KG, 3.29, 0.4KG, 1
select mini chocolate cake happy birthday, 47.4, 0.1KG, 9.00, 0.19KG, 1
sugar and spice cake carrot, 14.0, 0.1KG, 7.00, 0.5KG, 1
sugar and spice cake hummingbird, 14.0, 0.1KG, 7.00, 0.5KG, 1
susan day cake vanilla iced maeira, 7.6, 0.1KG, 2.29, 0.3KG, 1
susan day citrus cake iced maderia, 7.6, 0.1KG, 2.29, 0.3KG, 1
susan day jam cake sponge roll, 10.0, 0.1KG, 3.99, 0.4KG, 1
weight watchers cake carrot slice, 45.4, 0.1KG, 4.99, 0.11KG, 1
weight watchers cake chocolate mini rolls, 52.2, 0.1KG, 6.00, 0.115KG, 1
woolworths cake banana and walnut bread slices, 62.5, 0.1KG, 6.25, 0.5KG, 1
woolworths cake banana bread slice, 16.0, 0.1KG, 1.60, 0.1KG, 1
woolworths cake banana bread slices, 12.5, 0.1KG, 6.25, 0.5KG, 1
woolworths cake block chocolate, 10.4, 0.1KG, 5.20, 0.5KG, 1
woolworths cake block marble, 10.4, 0.1KG, 5.20, 0.5KG, 1
woolworths cake chocolate mud, 6.00, 1ea, 6.00, 0.585KG, 1
woolworths cake chocolate truffle, 22.2, 0.1KG, 2.00, 0.09KG, 1
woolworths cake double chocolate sponge, 12.4, 0.1KG, 6.20, 0.5KG, 1
woolworths cake fruit and nut bread slice, 16.0, 0.1KG, 1.60, 0.1KG, 1
woolworths cake honey sponge roll, 12.4, 0.1KG, 6.20, 0.5KG, 1
woolworths cake slice apple and cinnamon, 12.5, 0.1KG, 6.25, 0.5KG, 1
woolworths cake unfilled sponge slab, 11.7, 0.1KG, 5.25, 0.45KG, 1
woolworths baked cheese cake raspberry and white chocolate, 15.7, 0.1KG, 10.99, 0.7KG, 1
woolworths baked cheese cake vanilla, 15.7, 0.1KG, 10.99, 0.7KG, 1
woolworths butter cake, 13.3, 0.1KG, 5.99, 0.45KG, 1
woolworths butter cake with double chocolate, 12.5, 0.1KG, 5.99, 0.48KG, 1
woolworths butter cake with sultanas, 12.5, 0.1KG, 5.99, 0.48KG, 1
woolworths cheese cake slice lemon flavour, 24.9, 0.1KG, 2.49, 0.1KG, 1
woolworths cheese cake slice vanilla flavour, 24.9, 0.1KG, 2.49, 0.1KG, 1
woolworths cup cake mini iced, 0.52, 1ea, 4.65, 0.18KG, 1
woolworths cup cake minis, 0.75, 1ea, 4.49, 6pk, 1
woolworths free from gluten cake banana bread gluten free, 13.4, 0.1KG, 5.36, 0.4KG, 1
woolworths fresh fruit cake dark, 6.4, 0.1KG, 5.15, 0.8KG, 1
woolworths fresh fruit cake light, 6.4, 0.1KG, 5.15, 0.8KG, 1
woolworths gold cake belgian chocolate, 30.0, 0.1KG, 15.00, 0.5KG, 1
woolworths mini cup cake choc mud, 0.52, 1ea, 4.65, 0.18KG, 1
woolworths mud cake caramel, 10.0, 0.1KG, 6.00, 0.6KG, 1
woolworths mud cake white, 10.0, 0.1KG, 6.00, 0.6KG, 1
woolworths select cake birthday bar, 25.0, 0.1KG, 19.98, 0.8KG, 1
woolworths select cake double unfilled sponge, 11.4, 0.1KG, 5.25, 0.46KG, 1
woolworths select cake red velvet, 14.0, 0.1KG, 7.00, 0.5KG, 1
woolworths select cake unfilled chocolate sponge, 2.63, 1ea, 5.25, each, 1
woolworths select cheese cake triple chocolate, 15.7, 0.1KG, 10.99, 0.7KG, 1
butterfingers gluten free cookies macadamia shortbread, 28.3, 0.1KG, 4.95, 0.175KG, 1
butterfingers gluten free cookies pure butter shortbread, 28.3, 0.1KG, 4.95, 0.175KG, 1
cakemark cookies coconut delights, 17.0, 0.1KG, 4.25, 0.25KG, 1
cakemark cookies coconut macaroons, 15.8, 0.1KG, 3.15, 0.2KG, 1
ericas gingerbread cookies babies, 33.2, 0.1KG, 2.99, 0.09KG, 1
freelicious cookies tea biscuits plain, 42.9, 0.1KG, 5.36, 0.125KG, 1
kez's taking cafe home cookies melting moment, 31.6, 0.1KG, 6.01, 0.19KG, 1
kezs free gluten and dairy free cookies free melting moments, 39.5, 0.1KG, 7.51, 0.19KG, 1
kezs kitchen cookies vienna eclairs, 31.6, 0.1KG, 6.01, 0.19KG, 1
unibic cookies coconut macaroons, 15.0, 0.1KG, 2.99, 0.2KG, 1
unibic gingerbread cookies people, 30.9, 0.1KG, 1.08, 0.035KG, 1
woolworths cookies coconut drops, 9.4, 0.1KG, 3.00, 0.325KG, 1
woolworths cookies jam drop, 13.8, 0.1KG, 3.98, 0.25KG, 1
woolworths cookies rock cakes, 0.69, 1ea, 4.16, 6pk, 1
woolworths select cookies ginger kisses, 19.0, 0.1KG, 3.79, 8pk, 1
homebrand lamington fingers, 7.6, 0.1KG, 2.65, 0.35KG, 1
woolworths lamington chocolate, 0.55, 1ea, 3.29, 6pk, 1
woolworths lamington chocolate fingers, 9.3, 0.1KG, 4.00, 18pk, 1
woolworths lamington chocolate orange, 0.55, 1ea, 3.29, 6pk, 1
woolworths lamington sponge roll, 12.4, 0.1KG, 6.20, 0.5KG, 1
woolworths select lamington jam filled, 9.1, 0.1KG, 3.29, each, 1
banquet muffin bulk pack, 7.3, 0.1KG, 9.00, 1.23KG, 1
banquet muffin chocolate and orange, 11.7, 0.1KG, 2.70, 2pk, 1
banquet muffin chocolate and raspberry, 11.7, 0.1KG, 2.70, 2pk, 1
created with jamie muffin carrot and walnut, 2.00, 1ea, 4.00, 2pk, 1
mills and wares muffin bars choc chip, 14.3, 0.1KG, 5.99, 0.42KG, 1
mills and wares muffin bars double choc chip, 14.3, 0.1KG, 5.99, 0.42KG, 1
mills and wares muffin bars sultana, 14.3, 0.1KG, 5.99, 0.42KG, 1
woolworths muffin blueberry, 8.3, 0.1KG, 3.80, 0.46KG, 1
woolworths muffin choc chip, 8.3, 0.1KG, 3.80, 0.46KG, 1
woolworths muffin double choc chip, 8.3, 0.1KG, 3.80, 0.46KG, 1
woolworths mini muffin choc chip, 12.9, 0.1KG, 4.65, 0.36KG, 1
woolworths mini muffin double choc chip, 12.9, 0.1KG, 4.65, 0.36KG, 1
woolworths select muffin apple and bran, 11.9, 0.1KG, 3.80, 4pk, 1
woolworths select mini muffin raspberry, 12.9, 0.1KG, 4.65, 8pk, 1
balconi roll cacao, 13.5, 0.1KG, 2.99, 0.222KG, 1
balconi roll milk, 13.5, 0.1KG, 2.99, 0.222KG, 1
cakemark roll mini chocolate, 26.6, 0.1KG, 3.99, 0.15KG, 1
unibic shortbread italian, 10.0, 0.1KG, 4.99, 0.5KG, 1
cakemark slice brownies, 24.5, 0.1KG, 4.90, 0.2KG, 1
cakemark slice caramel shortcakes, 23.9, 0.1KG, 2.99, 0.125KG, 1
woolworth select slice apricot, 0.67, 1ea, 4.00, 6pk, 1
woolworth select slice caramel, 0.67, 1ea, 4.00, 6pk, 1
woolworth select slice rocky road, 0.67, 1ea, 4.00, 6pk, 1
loacker wafers white tortina, 34.3, 0.1KG, 4.29, 0.125KG, 1
woolworths mini muffin choc chip, 12.9, 0.1KG, 4.65, 0.36KG, 1
woolworths mini muffin double choc chip, 12.9, 0.1KG, 4.65, 0.36KG, 1
woolworths select muffin apple and bran, 11.9, 0.1KG, 3.80, 4pk, 1
woolworths select mini muffin raspberry, 12.9, 0.1KG, 4.65, 8pk, 1
balconi roll cacao, 13.5, 0.1KG, 2.99, 0.222KG, 1
balconi roll milk, 13.5, 0.1KG, 2.99, 0.222KG, 1
cakemark roll mini chocolate, 26.6, 0.1KG, 3.99, 0.15KG, 1
unibic shortbread italian, 10.0, 0.1KG, 4.99, 0.5KG, 1
cakemark slice brownies, 24.5, 0.1KG, 4.90, 0.2KG, 1
cakemark slice caramel shortcakes, 23.9, 0.1KG, 2.99, 0.125KG, 1
woolworth select slice apricot, 0.67, 1ea, 4.00, 6pk, 1
woolworth select slice caramel, 0.67, 1ea, 4.00, 6pk, 1
woolworth select slice rocky road, 0.67, 1ea, 4.00, 6pk, 1
loacker wafers white tortina, 34.3, 0.1KG, 4.29, 0.125KG, 1
bagel house bagels plain 98% fat free, 1.35, 1ea, 5.39, 4pk, 1
bagel house bagels poppy seeds 98% fat free, 1.35, 1ea, 5.39, 4pk, 1
golden crumpets breaks, 0.63, 1ea, 3.80, 0.425KG, 1
golden crumpets round, 0.52, 1ea, 3.10, 0.3KG, 1
golden crumpets wholemeal round, 0.52, 1ea, 3.10, 0.3KG, 1
golden crumpets with oats, 5.2, 0.1KG, 3.10, 0.3KG, 1
livwell crumpets, 37.2, 0.1KG, 8.19, 0.22KG, 1
mighty soft crumpets splits 98% fat free, 0.42, 1ea, 2.49, 6pk, 1
mighty soft crumpets wholemeal, 6.0, 0.1KG, 2.49, 6pk, 1
helga's english muffins mixed grains, 1.00, 1ea, 3.99, 4pk, 1
helga's english muffins pumpkin, 1.00, 1ea, 3.99, 4pk, 1
helga's english muffins sunflower, poppy and oats, 1.00, 1ea, 3.99, 4pk, 1
livwell english muffins, 33.3, 0.1KG, 4.99, 0.15KG, 1
mighty soft english muffins 97% fat free, 0.78, 1ea, 4.69, 6pk, 1
mighty soft english muffins wholemeal, 12.3, 0.1KG, 4.69, 0.382KG, 1
tip top english muffins, 0.78, 1ea, 4.70, 0.4KG, 1
tip top english muffins multigrain, 0.78, 1ea, 4.70, 0.4KG, 1
tip top english muffins wholemeal, 0.78, 1ea, 4.70, 0.4KG, 1
woolworths fresh english muffins, 0.38, 1ea, 2.30, 6pk, 1
tip top fruit muffins, 0.78, 1ea, 4.70, 6pk, 1
golden pancakes, 12.2, 0.1KG, 4.39, 0.36KG, 1
toscana pancakes, 8.9, 0.1KG, 4.00, 0.45KG, 1
golden pikelets, 0.45, 1ea, 3.59, 0.2KG, 1
golden pikelets bite size, 0.22, 1ea, 3.59, 0.14KG, 1
haywood and padgett scones with sultanas, 0.50, 1ea, 3.99, 8pk, 1
created with jamie brilliant brownie, 30.0, 0.1KG, 6.00, 0.2KG, 1
toscano crepes chocolate filled, 24.2, 0.1KG, 4.65, 0.192KG, 1
created with jamie crumble apple berry, 16.0, 0.1KG, 8.00, 0.5KG, 1
woolworths pecan danish, 13.3, 0.1KG, 5.99, 0.45KG, 1
woolworths gold dessert caramel and macadamia gateau, 26.1, 0.1KG, 15.00, 0.575KG, 1
woolworths fruit pie apple, 9.0, 0.1KG, 4.49, 0.5KG, 1
chateau blanc macarons macarons, 69.3, 0.1KG, 9.98, 0.144KG, 1
created with jamie lemon meringue pie tutti-frutti, 24.0, 0.1KG, 12.00, 0.5KG, 1
woolworths fresh meringues rainbow minis, 41.9, 0.1KG, 4.19, 0.1KG, 1
woolworths fresh meringues vanilla minis, 41.9, 0.1KG, 4.19, 0.1KG, 1
woolworths fresh pavlova nests, 58.9, 0.1KG, 5.89, 10pk, 1
woolworths select pavlova base round, 20.0, 0.1KG, 12.00, 0.6KG, 1
woolworths select pavlova individual, 42.9, 0.1KG, 6.00, 4pk, 1
woolworths select pavlova round, 25.5, 0.1KG, 7.65, 0.3KG, 1
woolworths pudding chocolate sponge, 19.4, 0.1KG, 3.50, 0.09KG, 1
woolworths pudding sticky toffee date sponge, 19.4, 0.1KG, 3.50, 0.09KG, 1
balfours tarts custard, 2.34, 1ea, 4.68, 2pk, 1
weight watchers tarts cherry bakewell, 28.7, 0.1KG, 5.88, 0.205KG, 1
woolworths tarts caramel and macadamia, 17.3, 0.1KG, 10.98, 0.635KG, 1
woolworths tarts custard, 0.83, 1ea, 3.30, 0.045KG, 1
woolworths tarts large custard, 9.4, 0.1KG, 4.49, 0.48KG, 1
woolworths baked tarts lemon, 17.9, 0.1KG, 10.98, 0.615KG, 1
woolworths tiramisu italian rich and creamy, 15.6, 0.1KG, 7.49, 0.48KG, 1
original waffle co waffles belgian style, 17.0, 0.1KG, 3.39, 0.2KG, 1
original waffle co waffles english style, 28.4, 0.1KG, 3.69, 0.13KG, 1
woolworths fresh baguette crusty half stick, 5.9, 0.1KG, 2.00, 0.34KG, 1
woolworths fresh baguette rustic, 8.3, 0.1KG, 2.50, 0.3KG, 1
woolworths fresh baguette rustic kalamata olive, 8.3, 0.1KG, 2.50, 0.3KG, 1
woolworths gold baguette fig and fennel, 23.1, 0.1KG, 5.90, 0.225KG, 1
fresh bread wholemeal soft loaf, 3.8, 0.1KG, 3.00, 0.8KG, 1
macro farmhouse bread loaf mixed grain, NA, NA, 2.00, 0.36KG, 1
macro farmhouse bread loaf super grain, NA, NA, 3.50, 0.68KG, 1
macro farmhouse bread loaf wholegrain oats rye, NA, NA, 3.50, 0.68KG, 1
macro square bread loaf super grain, 4.4, 0.1KG, 3.00, 0.68KG, 1
macro square bread loaf wholegrain oats rye, NA, NA, 3.00, 0.68KG, 1
woolworths fresh bread four seed loaf, 3.8, 0.1KG, 3.00, 0.8KG, 1
woolworths fresh bread grain loaf, 3.8, 0.1KG, 3.00, 0.8KG, 1
woolworths fresh bread white extra soft loaf, 3.8, 0.1KG, 3.00, 0.8KG, 1
woolworths fresh bread white extra soft loaf, 2.9, 0.1KG, 2.00, 0.68KG, 1
woolworths fresh bread wholemeal loaf, 2.9, 0.1KG, 2.00, 0.68KG, 1
ciabatta dinner bread roll white, 0.38, 1ea, 3.00, 8pk, 1
woolworths ciabatta dinner bread roll grain, 0.38, 1ea, 3.00, 8pk, 1
woolworths ciabatta dinner bread roll herb, 0.38, 1ea, 3.00, 8pk, 1
woolworths fresh bread roll caramalised onion and cheese, 1.05, 1ea, 4.20, 4pk, 1
woolworths fresh bread roll ciabatta kalamata olive, 0.80, 1ea, 4.00, 5pk, 1
woolworths fresh bread roll ciabatta linseed and sesame seed, 0.80, 1ea, 4.00, 5pk, 1
woolworths fresh bread roll ciabatta pumpkin seeds, 0.80, 1ea, 4.00, 5pk, 1
woolworths fresh bread roll ciabatta sesame seeds, 0.80, 1ea, 4.00, 5pk, 1
woolworths fresh bread roll ciabatta white, 0.80, 1ea, 4.00, 5pk, 1
woolworths fresh bread roll spicy mexican, 1.05, 1ea, 4.20, 4pk, 1
macro lunch bread rolls super grain, NA, NA, 3.50, 6pk, 1
macro lunch bread rolls wholegrain oats and rye, NA, NA, 3.50, 6pk, 1
woolworths bread rolls crusty jumbo long, 0.58, 1ea, 3.50, 6pk, 1
woolworths bread rolls crusty jumbo lunch, 0.58, 1ea, 3.50, 6pk, 1
woolworths bread rolls crusty lunch, 0.33, 1ea, 2.00, 6pk, 1
woolworths bread rolls crusty tiger tummy vienna, 5.6, 0.1KG, 2.50, 0.45KG, 1
woolworths bread rolls extra soft lunch, 0.30, 1ea, 6.00, 20pk, 1
woolworths bread rolls grain lunch, 0.33, 1ea, 2.00, 6pk, 1
woolworths bread rolls pane di casa garlic and capsicum, 7.7, 0.1KG, 4.00, 0.52KG, 1
woolworths bread rolls soft wholemeal lunch, 0.33, 1ea, 2.00, 6pk, 1
woolworths fresh bread rolls bacon and cheese, 1.00, 1ea, 6.00, 6pk, 1
woolworths fresh bread rolls cobb parmesan and onion, 7.7, 0.1KG, 4.00, 0.52KG, 1
woolworths fresh bread rolls cobb rich fruit, 8.3, 0.1KG, 4.29, 0.52KG, 1
woolworths fresh bread rolls cobb rye cherry and walnut, 13.8, 0.1KG, 5.50, 0.4KG, 1
woolworths fresh bread rolls extra soft jumbo hotdog, 0.58, 1ea, 3.50, 6pk, 1
woolworths fresh bread rolls extra soft lunch, 0.33, 1ea, 2.00, 6pk, 1
woolworths fresh bread rolls hotdog extra soft, 0.33, 1ea, 2.00, 6pk, 1
woolworths fresh bread rolls pane di casa light rye, 7.7, 0.1KG, 4.00, 0.52KG, 1
woolworths fresh bread rolls soft hamburger, 0.33, 1ea, 2.00, 6pk, 1
woolworths fresh ciabatta loaf white, 8.9, 0.1KG, 4.00, 0.45KG, 1
woolworths cobb loaf sour cherry, rye and walnut, 13.8, 0.1KG, 5.50, 0.4KG, 1
woolworths fresh cookies anzac family, 7.8, 0.1KG, 4.50, 0.575KG, 1
woolworths fresh cookies choc chip, 9.0, 0.1KG, 4.50, 0.5KG, 1
woolworths fresh cookies chocoholic large, 13.9, 0.1KG, 2.50, 0.18KG, 1
woolworths fresh cookies chunkie choc, 17.8, 0.1KG, 4.00, 0.22KG, 1
woolworths fresh cookies cranberry and white choc, 18.5, 0.1KG, 4.16, 0.22KG, 1
woolworths fresh cookies mandm's large, 13.9, 0.1KG, 2.50, 0.18KG, 1
woolworths fresh cookies mars bar, 19.8, 0.1KG, 4.98, 0.252KG, 1
woolworths fresh cookies mars bar large, 13.9, 0.1KG, 2.50, 0.18KG, 1
woolworths fresh cookies milk choc mandm's, 19.8, 0.1KG, 4.98, 0.252KG, 1
woolworths fresh cookies oatmeal raisin, 18.5, 0.1KG, 4.16, 0.22KG, 1
woolworths fresh cookies shortbread mini choc chip, 21.7, 0.1KG, 3.00, 0.156KG, 1
woolworths fresh cookies triple choc, 9.0, 0.1KG, 4.50, 0.5KG, 1
woolworths fresh cookies white choc macadamia lge, 13.9, 0.1KG, 2.50, 0.18KG, 1
woolworths fresh danish blueberry, 1.50, 1ea, 3.00, 2pk, 1
created with jamie focaccia garlic and rosemary, 16.1, 0.1KG, 5.00, 0.31KG, 1
created with jamie focaccia solanato tomato and basil, 14.5, 0.1KG, 5.00, 0.345KG, 1
woolworths fruit loaf, 10.6, 0.1KG, 5.50, 0.52KG, 1
woolworths fresh hot cross bun, 0.58, 1ea, 3.50, 6pk, 1
woolworths fresh hot cross bun fruitless, 0.58, 1ea, 3.50, 6pk, 1
woolworths fresh hot cross bun mini, 0.39, 1ea, 3.50, 9pk, 1
woolworths fresh hot cross bun mini made with cadbury choc, 0.39, 1ea, 3.50, 9pk, 1
woolworths fresh hot cross bun single, NA, NA, 1.10, each, 1
woolworths fresh hot cross bun single, 1.10, 1ea, 1.10, each, 1
woolworths fresh hot cross bun sticky date and caramel, 0.88, 1ea, 3.50, 4pk, 1
woolworths fresh hot cross bun triple choc, NA, NA, 3.50, 4pk, 1
family damper loaf extremely soft, 3.7, 0.1KG, 2.95, 0.8KG, 1
woolworths loaf crusty cobb, 5.6, 0.1KG, 2.50, 0.45KG, 1
woolworths loaf four seed farmhouse, 5.3, 0.1KG, 3.79, 0.72KG, 1
woolworths loaf grain farmhouse, 5.3, 0.1KG, 3.79, 0.72KG, 1
woolworths fresh loaf crusty vienna, 5.6, 0.1KG, 2.50, 0.45KG, 1
woolworths fresh loaf pane di casa, 7.7, 0.1KG, 4.00, 0.52KG, 1
woolworths fresh pastry braid choc hazelnut, 1.50, 1ea, 3.00, 2pk, 1
woolworths fresh pastry cinnamon swirl, 1.50, 1ea, 3.00, 2pk, 1
woolworths fresh pastry croissant butter, 1.00, 1ea, 3.00, 3pk, 1
woolworths fresh pastry croissant medium, 14.2, 0.1KG, 3.98, 0.28KG, 1
woolworths fresh pastry croissant mini choc, 0.40, 1ea, 3.98, 10pk, 1
woolworths fresh pastry pain au chocolate, 1.50, 1ea, 3.00, 2pk, 1
woolworths fresh savoury puff triangle cheese chive, 1.50, 1ea, 3.00, 2pk, 1
woolworths fresh scone homestyle buttermilk, 0.77, 1ea, 4.60, 6pk, 1
woolworths fresh scone homestyle fruit, 0.77, 1ea, 4.60, 6pk, 1
woolworths fresh scone homestyle pumpkin, 0.77, 1ea, 4.60, 6pk, 1
woolworths fresh sourdough cobb, 7.7, 0.1KG, 4.00, 0.52KG, 1
woolworths fresh sourdough garlic and olive oil, 10.6, 0.1KG, 5.50, 0.52KG, 1
woolworths fresh sourdough kalamata olive, 10.6, 0.1KG, 5.50, 0.52KG, 1
woolworths fresh sourdough loaf, 10.6, 0.1KG, 5.50, 0.52KG, 1
woolworths fresh sourdough seeds and grains loaf, 10.6, 0.1KG, 5.50, 0.52KG, 1
woolworths fresh turkish fruit spice loaf, 8.9, 0.1KG, 4.00, 0.45KG, 1
woolworths fresh turkish garlic loaf, 8.9, 0.1KG, 4.00, 0.45KG, 1
woolworths fresh turkish loaf, 9.5, 0.1KG, 4.00, 0.42KG, 1
woolworths fresh turkish rolls, 1.50, 1ea, 4.50, 3pk, 1
woolworths fresh turkish rolls garlic, 1.50, 1ea, 4.50, 3pk, 1
middle east afghan bread garlic, 10.6, 0.1KG, 4.25, 0.4KG, 1
bake at home bread loaf kalamata olive ciabatta, 9.5, 0.1KG, 3.98, 0.42KG, 1
bake at home bread rolls ciabatta, 9.5, 0.1KG, 3.98, 0.42KG, 1
bake at home bread rolls half baguette, 9.5, 0.1KG, 3.98, 0.42KG, 1
bake at home bread rolls sourdough batard, 9.5, 0.1KG, 3.98, 0.42KG, 1
bake at home bread rolls sourdough dinner rolls, 0.66, 1ea, 3.98, 6pk, 1
bake at home bread rolls sourdough grain/seeds, 9.5, 0.1KG, 3.98, 0.42KG, 1
bazaar bread rolls turkish, 1.63, 1ea, 6.50, 4pk, 1
mighty soft bread rolls hamburger buns, 0.92, 1ea, 5.49, 6pk, 1
mighty soft bread rolls hot dog, 0.92, 1ea, 5.49, 6pk, 1
purebred bread rolls seeded wholegrain sandwich, 5.75, 1ea, 5.75, 3 pack, 1
purebred bread rolls super soft white sandwich, NA, NA, 5.75, each, 1
sauers bread rolls turkish, 1.50, 1ea, 2.99, 2pk, 1
tip top bread rolls damper, 0.92, 1ea, 5.49, 6pk, 1
tip top bread rolls hamburger, 0.92, 1ea, 5.49, 6pk, 1
tip top bread rolls hot dog, 0.92, 1ea, 5.49, 6pk, 1
toscano bread rolls bruschettina, 15.0, 0.1KG, 4.50, 0.3KG, 1
toscano bread rolls mini panini, 8.0, 0.1KG, 2.40, 0.3KG, 1
woolworths bake at home bread rolls buffet white, 0.25, 1ea, 2.98, 12pk, 1
woolworths bake at home bread rolls petit pain, 0.54, 1ea, 3.25, 6pk, 1
woolworths bake at home bread rolls turkish bread, 10.7, 0.1KG, 3.75, 0.35KG, 1
woolworths bake at home bread rolls white dinner, 0.50, 1ea, 2.99, 6pk, 1
woolworths fresh bread rolls extra soft hotdog, 0.33, 1ea, 6.00, 18pk, 1
woolworths fresh extra soft bread rolls jumbo hamburger, 0.58, 1ea, 3.50, 6pk, 1
woolworths select bread rolls bake at home white, 0.37, 1ea, 4.49, 12pk, 1
vita vigor bread sticks grissini bread sticks, 26.2, 0.1KG, 3.28, 0.125KG, 1
created with jamie focaccia garlic and rosemary, 16.1, 0.1KG, 5.00, 0.31KG, 1
created with jamie focaccia solanato tomato and basil, 14.5, 0.1KG, 5.00, 0.345KG, 1
bazaar lebanese bread white, 0.75, 1ea, 4.50, 6pk, 1
middle east lebanese bread khobz wholemeal round, 7.7, 0.1KG, 3.85, 0.5KG, 1
middle east khobz lebanese bread white round, 7.7, 0.1KG, 3.85, 0.5KG, 1
corn mountain bread, 15.0, 0.1KG, 3.00, 0.2KG, 1
organic wholemeal mountain bread, 15.0, 0.1KG, 3.00, 8pk, 1
rice mountain bread, 15.0, 0.1KG, 3.00, 0.2KG, 1
rye mountain bread, 15.0, 0.1KG, 3.00, 0.2KG, 1
woolworths mountain bread chia, 15.0, 0.1KG, 3.00, 0.2KG, 1
bazaar pita bread pocket white, 0.77, 1ea, 4.60, 6pk, 1
bazaar pita bread pocket wholemeal, 0.77, 1ea, 4.60, 6pk, 1
mission pita bread pockets plain, 9.0, 0.1KG, 3.79, 0.42KG, 1
mission pita bread pockets wholemeal, 9.0, 0.1KG, 3.79, 0.42KG, 1
bazaar pizza bases gourmet, 3.00, 1ea, 5.99, 2pk, 1
bazaar pizza bases mini, 2.66, 1ea, 7.99, 3pk, 1
bazaar pizza bases wholemeal, 3.00, 1ea, 5.99, 2pk, 1
mission pizza bases plain, 5.2, 0.1KG, 2.59, 0.5KG, 1
mission pizza bases round, 20.0, 0.1KG, 3.99, 0.2KG, 1
mission round pizza bases garlic, 20.0, 0.1KG, 3.99, 0.2KG, 1
old time pizza bases gluten free, 20.0, 0.1KG, 5.99, 0.3KG, 1
toscano pizza bases, 26.7, 0.1KG, 4.00, 0.15KG, 1
toscano pizza bases bruschettina, 21.3, 0.1KG, 5.75, 0.27KG, 1
woolworths select sandwich pockets white, 28.6, 0.1KG, 2.29, 0.32KG, 1
woolworths select sandwich pockets wholemeal, 28.6, 0.1KG, 2.29, 0.32KG, 1
bazaar turkish bread pide, 8.9, 0.1KG, 3.99, 0.45KG, 1
australias own wraps organic quinoa, 22.2, 0.1KG, 4.99, 0.225KG, 1
bfree wraps multigrain, 28.9, 0.1KG, 7.99, 0.276KG, 1
goodness superfoods wraps wholegrain barley, 22.2, 0.1KG, 4.99, 0.225KG, 1
helga's wraps mixed grain, 9.1, 0.1KG, 5.09, 0.56KG, 1
helga's wraps traditional white, 9.1, 0.1KG, 5.09, 0.56KG, 1
mission wraps garlic and herb, 8.8, 0.1KG, 4.99, 0.567KG, 1
mission wraps light, 8.8, 0.1KG, 4.99, 0.567KG, 1
mission wraps mini original, 12.5, 0.1KG, 4.79, 0.384KG, 1
mission wraps mini wheat, 12.5, 0.1KG, 4.79, 0.384KG, 1
mission wraps original, 8.8, 0.1KG, 4.99, 0.567KG, 1
mission wraps spinach and herb, 8.8, 0.1KG, 4.99, 0.567KG, 1
mission wraps tomato and basil, 8.8, 0.1KG, 4.99, 0.567KG, 1
mission wraps wholegrain, 8.8, 0.1KG, 4.99, 0.567KG, 1
old time wraps organic gluten free, 28.0, 0.1KG, 6.99, 4pk, 1
vitastic sorj healthy wraps rye, 0.44, 1ea, 3.49, 0.25KG, 1
vitastic sorj healthy wraps wholemeal, 0.44, 1ea, 3.49, 0.25KG, 1
wattle valley wraps greek souvlaki meal kit, 14.6, 0.1KG, 5.98, 8pk, 1
wattle valley wraps lite white, 15.3, 0.1KG, 3.99, 0.26KG, 1
wattle valley wraps peri peri meal kit, 14.6, 0.1KG, 5.98, 8pk, 1
wattle valley wraps soft sourdough, 15.3, 0.1KG, 3.99, 0.26KG, 1
wattle valley wraps wholegrain, 15.3, 0.1KG, 3.99, 0.26KG, 1
wonder wraps hi fibre, 12.8, 0.1KG, 3.99, 0.312KG, 1
wonder wraps vitamins and mineral, 12.8, 0.1KG, 3.99, 0.312KG, 1
bazaar yirros bread greek, 0.77, 1ea, 4.60, 0.5KG, 1
