aunty kath's cookie dough choc chip, 9.4, 0.1KG, 4.25, 0.45KG, 1
aunty kath's cookie dough mandms, 9.4, 0.1KG, 4.25, 0.45KG, 1
antoniou pastry filo, 8.1, 0.1KG, 3.05, 0.375KG, 1
double merino pastry gow gee, 10.2, 0.1KG, 2.80, 0.275KG, 1
double merino pastry wonton skin shanghai, 10.4, 0.1KG, 2.80, 0.27KG, 1
d'agostino pizza hawaiian, 10.6, 0.1KG, 4.99, 0.47KG, 1
d'agostino pizza meat lovers, 10.6, 0.1KG, 4.99, 0.47KG, 1
d'agostino pizza pepperoni, 11.9, 0.1KG, 4.99, 0.42KG, 1
d'agostino pizza thin base with sauce, 9.1, 0.1KG, 7.49, 0.82KG, 1
woolworths gold pizza calabrese salami and mozzarella, 20.8, 0.1KG, 9.99, 0.48KG, 1
woolworths gold pizza free range chicken and pancetta, 19.8, 0.1KG, 9.99, 0.505KG, 1
woolworths gold pizza margherita w basil infused oil, 19.8, 0.1KG, 9.99, 0.505KG, 1
woolworths gold pizza prosciutto goats cheese rocket, 19.4, 0.1KG, 9.99, 0.515KG, 1
della rosa pizza base pane italiano garlic, 11.3, 0.1KG, 4.99, 0.44KG, 1
della rosa pizza base with sauce, 8.3, 0.1KG, 3.15, 0.38KG, 1
giovannis pizza base with sauce, 14.8, 0.1KG, 3.99, 0.27KG, 1
jases kitch pizza base sauced, 12.4, 0.1KG, 4.35, 0.35KG, 1
jases kitchen pizza base, 7.8, 0.1KG, 4.68, 0.6KG, 1
black swan french onion, 21.5, 0.1KG, 4.29, 0.2KG, 1
black swan guacamole tomato salsa, 21.5, 0.1KG, 4.29, 0.2KG, 1
black swan hommus, 21.5, 0.1KG, 4.29, 0.2KG, 1
black swan hommus dip, 13.4, 0.1KG, 5.04, 0.375KG, 1
black swan hommus dip skinny, 21.5, 0.1KG, 4.29, 0.2KG, 1
black swan skinny 4x100g, 17.2, 0.1KG, 6.86, 0.4KG, 1
black swan tzatziki dip skinny, 21.5, 0.1KG, 4.29, 0.2KG, 1
chris dips avocado, 21.3, 0.1KG, 4.25, 0.2KG, 1
chris dips cheese and chives, 21.3, 0.1KG, 4.25, 0.2KG, 1
chris dips corn relish, 21.3, 0.1KG, 4.25, 0.2KG, 1
chris dips hommus, 12.9, 0.1KG, 6.44, 0.5KG, 1
chris dips hommus traditional, 19.0, 0.1KG, 2.37, 0.125KG, 1
chris dips spicy capsicum, 19.0, 0.1KG, 2.37, 0.125KG, 1
chris dips spicy capsicum, 21.3, 0.1KG, 4.25, 0.2KG, 1
chris dips spring onion, 21.3, 0.1KG, 4.25, 0.2KG, 1
chris dips spring onion, 19.0, 0.1KG, 2.37, 0.125KG, 1
chris dips three olive, 21.3, 0.1KG, 4.25, 0.2KG, 1
chris dips traditional caviar dips, 21.3, 0.1KG, 4.25, 0.2KG, 1
chris dips traditional hommus dips, 21.3, 0.1KG, 4.25, 0.2KG, 1
chris dips traditional tzatziki, 21.3, 0.1KG, 4.25, 0.2KG, 1
chris dips tzatziki, 19.0, 0.1KG, 2.37, 0.125KG, 1
dari's table hummus roasted garlic, 23.5, 0.1KG, 4.69, 0.2KG, 1
kraft french onion dip, 14.5, 0.1KG, 2.69, 0.185KG, 1
kraft gherkin dip, 14.5, 0.1KG, 2.69, 0.185KG, 1
kraft light french onion dip, 14.5, 0.1KG, 2.69, 0.185KG, 1
kraft onion and bacon dip, 14.5, 0.1KG, 2.69, 0.185KG, 1
kraft prawn and crab dip, 14.5, 0.1KG, 2.69, 0.185KG, 1
kraft smoked salmon and dill dip, 14.5, 0.1KG, 2.69, 0.185KG, 1
macro free from dairy avocado and chili lime dip, 20.2, 0.1KG, 4.03, 0.2KG, 1
macro free from dairy hommus dip, 20.2, 0.1KG, 4.03, 0.2KG, 1
macro free from dairy hommus and sundried tomato dip, 20.2, 0.1KG, 4.03, 0.2KG, 1
macro free from dairy morocan pumpkin dip, 20.2, 0.1KG, 4.03, 0.2KG, 1
macro free from dairy spinach and vegetables dip, 20.2, 0.1KG, 4.03, 0.2KG, 1
macro free from dairy three olive dip, 20.2, 0.1KG, 4.03, 0.2KG, 1
maggie beer cabernet paste, 59.90, 1kg, 5.99, 0.1KG, 1
maggie beer fig and fennel paste, 59.90, 1kg, 5.99, 0.1KG, 1
maggie beer pate duck and orange, 58.25, 1kg, 6.99, 0.12KG, 1
maggie beer pate duck sherry and green peppercorn, 58.25, 1kg, 6.99, 0.12KG, 1
maggie beer pate pheasant farm, 58.25, 1kg, 6.99, 0.12KG, 1
maggie beer pate pheasant farm, 41.82, 1kg, 9.20, 0.22KG, 1
maggie beer plum paste, 59.90, 1kg, 5.99, 0.1KG, 1
maggie beer quince paste, 59.90, 1kg, 5.99, 0.1KG, 1
maggie beer spiced pear paste, 59.90, 1kg, 5.99, 0.1KG, 1
normandie pate chicken and black peppercorns, 29.27, 1kg, 4.39, 0.15KG, 1
normandie pate chicken champagne, 29.27, 1kg, 4.39, 0.15KG, 1
normandie pate chicken with cognac, 29.27, 1kg, 4.39, 0.15KG, 1
normandie pate chicken with cointreau, 29.27, 1kg, 4.39, 0.15KG, 1
obela grab and go classic hommus, 25.7, 0.1KG, 3.21, 0.125KG, 1
obela grab and go garlic hommus, 25.7, 0.1KG, 3.21, 0.125KG, 1
obela grab and go roast capsicum hommus, 25.7, 0.1KG, 3.21, 0.125KG, 1
obela hommus garnished with basil pesto, 21.5, 0.1KG, 4.73, 0.22KG, 1
obela hommus garnished with roast capsicum, 21.5, 0.1KG, 4.73, 0.22KG, 1
obela hommus garnished with roasted pinenut, 21.5, 0.1KG, 4.73, 0.22KG, 1
obela hommus garnished with sweet chilli, 21.5, 0.1KG, 4.73, 0.22KG, 1
obela hommus garnished with zesty jalapenos, 21.5, 0.1KG, 4.73, 0.22KG, 1
obela hommus savoury garlic, 19.5, 0.1KG, 4.29, 0.22KG, 1
obela hommus smooth classic, 19.5, 0.1KG, 4.29, 0.22KG, 1
obela hommus smooth light, 19.5, 0.1KG, 4.29, 0.22KG, 1
obela hommus to go smooth light, 25.7, 0.1KG, 3.21, 0.125KG, 1
pilpel dip beetroot almond, 34.0, 0.1KG, 6.80, 0.2KG, 1
pilpel dip capsicum turkish salsa, 34.0, 0.1KG, 6.80, 0.2KG, 1
pilpel dip hummous, 34.0, 0.1KG, 6.80, 0.2KG, 1
pilpel dip hummous, 17.1, 0.1KG, 5.99, 0.35KG, 1
pure produce preserved lemon lebanese, 31.96, 1kg, 7.99, 0.25KG, 1
pure produce company dip avocado and olive, 22.5, 0.1KG, 4.49, 0.2KG, 1
pure produce company dip beetroot and fresh dill, 22.5, 0.1KG, 4.49, 0.2KG, 1
pure produce company dip bruschetta and fetta, 22.5, 0.1KG, 4.49, 0.2KG, 1
pure produce company dip bruschetta mix, 22.5, 0.1KG, 4.49, 0.2KG, 1
pure produce company dip capsicum chives and parmasan, 22.5, 0.1KG, 4.49, 0.2KG, 1
pure produce company dip eggplant and fresh parsely, 22.5, 0.1KG, 4.49, 0.2KG, 1
pure produce company dip honey soy artichoke, 22.5, 0.1KG, 4.49, 0.2KG, 1
pure produce company dip sweet chilli tuna, 22.5, 0.1KG, 4.49, 0.2KG, 1
pure produce company dip tarama with kalamatta, 22.5, 0.1KG, 4.49, 0.2KG, 1
red rock deli basil pesto mozzarella and cashew, 24.0, 0.1KG, 3.60, 0.15KG, 1
red rock deli dip beetroot feta and cashew, 24.0, 0.1KG, 3.60, 0.15KG, 1
red rock deli dip chilli and lemongrass, 24.0, 0.1KG, 3.60, 0.15KG, 1
red rock deli dip eggplant and cashews, 24.0, 0.1KG, 3.60, 0.15KG, 1
red rock deli dip mango lime and cashews, 24.0, 0.1KG, 3.60, 0.15KG, 1
red rock deli dip morrocan sweet potato, 24.0, 0.1KG, 3.60, 0.15KG, 1
red rock deli dip spicy capsicum and cashews, 24.0, 0.1KG, 3.60, 0.15KG, 1
red rock deli dip roasted red capsicum pecorino cashews and basil, 24.0, 0.1KG, 3.60, 0.15KG, 1
ronda pate duck and mushroom and crkd pepper, 33.27, 1kg, 4.99, 0.15KG, 1
ronda pate mini french pepper, 26.67, 1kg, 4.00, 0.15KG, 1
ronda pate mini maison, 26.67, 1kg, 4.00, 0.15KG, 1
sss dip hummus coriander cumin and mild chilli, 16.7, 0.1KG, 3.75, 0.225KG, 1
sss dips hommus, 16.7, 0.1KG, 3.75, 0.225KG, 1
tasmanian pate cracked pepper and orange brandy, 36.08, 1kg, 4.69, 0.13KG, 1
tasmanian pate smoked salmon and cracked pepper, 36.08, 1kg, 4.69, 0.13KG, 1
tasmanian pate triple cracked pepper smoked salmon and orange br..., 23.63, 1kg, 4.49, 0.19KG, 1
wattle valley chunky dip baby spinach, 32.9, 0.1KG, 4.93, 0.15KG, 1
wattle valley chunky dip basil with cashew and parmesan, 32.9, 0.1KG, 4.93, 0.15KG, 1
wattle valley chunky dip exotic thai, 32.9, 0.1KG, 4.93, 0.15KG, 1
wattle valley chunky dip red chilli cashew and parmesan, 32.9, 0.1KG, 4.93, 0.15KG, 1
wattle valley chunky dip roasted capsicum, 32.9, 0.1KG, 4.93, 0.15KG, 1
wattle valley chunky dip roasted pumpkin, 32.9, 0.1KG, 4.93, 0.15KG, 1
wattle valley chunky dip sweet chilli, 32.9, 0.1KG, 4.93, 0.15KG, 1
wattle valley chunky sweet potato dip, 32.9, 0.1KG, 4.93, 0.15KG, 1
wattle valley delish dip baby beets and feta, 21.4, 0.1KG, 4.28, 0.2KG, 1
wattle valley delish dip baby spinach and fetta, 21.4, 0.1KG, 4.28, 0.2KG, 1
wattle valley delish dip grilled capsicum and feta, 21.4, 0.1KG, 4.28, 0.2KG, 1
wattle valley delish dip olive medley and feta, 21.4, 0.1KG, 4.28, 0.2KG, 1
wattle valley delish dip pepper sweet and fetta, 21.4, 0.1KG, 4.28, 0.2KG, 1
wattle valley dip chunky chilli coriander, 32.9, 0.1KG, 4.93, 0.15KG, 1
wattle valley dip delish avocado and lime, 21.4, 0.1KG, 4.28, 0.2KG, 1
willow farm dip french onion, 17.2, 0.1KG, 3.44, 0.2KG, 1
willow farm dip hommus, 17.2, 0.1KG, 3.44, 0.2KG, 1
willow farm dip semi dried tomato, 17.2, 0.1KG, 3.44, 0.2KG, 1
willow farm dip tzatziki, 17.2, 0.1KG, 3.44, 0.2KG, 1
woolworths gold coarse country pate, 66.6, 0.1KG, 7.99, 0.12KG, 1
woolworths gold paste apple and cinnamon, 43.3, 0.1KG, 6.49, 0.15KG, 1
woolworths gold paste fig and walnut, 43.3, 0.1KG, 6.49, 0.15KG, 1
woolworths gold pate turkey and cranberry, 66.6, 0.1KG, 7.99, 0.12KG, 1
yumis dip eggplant mediterranean, 21.5, 0.1KG, 4.29, 0.2KG, 1
yumis dip hommus traditional, 21.5, 0.1KG, 4.29, 0.2KG, 1
yumis dip hommus traditional, 7.1, 0.1KG, 7.07, 1kg, 1
yumis dip italian olive, 21.5, 0.1KG, 4.29, 0.2KG, 1
yumis dip smoked trout mousse, 32.2, 0.1KG, 6.44, 0.2KG, 1
yumis dip sweet potato and cashew, 21.5, 0.1KG, 4.29, 0.2KG, 1
pace farm liberty barn laid eggs, 8.0, 0.1KG, 4.79, 0.6KG, 1
pace farm liberty barn laid eggs, 10.0, 0.1KG, 3.30, 0.33KG, 1
pace farm liberty barn laid eggs, 7.4, 0.1KG, 5.20, 0.7KG, 1
sunny queen barn laid natural grain cage free eggs, 8.3, 0.1KG, 5.80, 0.7KG, 1
sunny queen barn laid natural grain cage free eggs, 8.3, 0.1KG, 4.99, 0.6KG, 1
woolworths select barn laid eggs, 6.7, 0.1KG, 4.69, 0.7KG, 1
farm pride caged eggs, 6.3, 0.1KG, 6.29, 1kg 18pk, 1
homebrand caged eggs, 4.6, 0.1KG, 3.21, 0.7KG, 1
pace farm caged eggs 67g, 6.5, 0.1KG, 5.20, 0.8KG, 1
pace farm caged eggs extra large 59g, 7.1, 0.1KG, 4.99, 0.7KG, 1
pace farm caged eggs jumbo, 7.8, 0.1KG, 3.10, 0.4KG, 1
pace farm farm fresh caged eggs extra large 65g, 6.1, 0.1KG, 5.99, 0.975KG, 1
simply caged eggs, 6.6, 0.1KG, 4.59, 0.7KG, 1
sunny queen caged eggs jumbo, 12.5, 0.1KG, 7.51, 0.6KG, 1
wattle ridge environmental caged eggs, 5.7, 0.1KG, 3.99, 0.7KG, 1
farm pride egg powder whole, 33.3, 0.1KG, 4.99, 0.15KG, 1
naturegg simply egg whites, 10.72, $10.72 / 1l, 5.36, 0.5L, 1
eco free range eggs, 12.5, 0.1KG, 6.89, 0.55KG, 1
family value free range eggs, 9.6, 0.1KG, 8.49, 0.885KG, 1
field fresh free range eggs, 8.0, 0.1KG, 3.98, 0.5KG, 1
free range free range eggs jumbo, 8.6, 0.1KG, 6.89, 0.8KG, 1
manning valley free range egg tray, 9.1, 0.1KG, 7.31, 0.8KG, 1
manning valley free range eggs, 10.9, 0.1KG, 3.59, 0.33KG, 1
manning valley free range eggs, 9.5, 0.1KG, 5.70, 0.6KG, 1
manning valley free range eggs, 9.1, 0.1KG, 6.35, 0.7KG, 1
mcleans run free range eggs, 10.9, 0.1KG, 6.44, 0.59KG, 1
pace farm free range eggs natural living, 9.6, 0.1KG, 6.70, 0.7KG, 1
pace farm free range eggs natural living, 8.7, 0.1KG, 6.99, 0.8KG, 1
pace farm free range eggs omega 3, 10.0, 0.1KG, 6.99, 0.7KG, 1
pace farm free range natural living large, 11.5, 0.1KG, 3.80, 0.33KG, 1
pace farm free range natural living large, 8.3, 0.1KG, 5.00, 0.6KG, 1
port stephens free range eggs, 9.3, 0.1KG, 8.35, 0.9KG, 1
valley park farm free range eggs, 9.2, 0.1KG, 6.44, 0.7KG, 1
veggs for families free range eggs, 10.0, 0.1KG, 6.98, 0.7KG, 1
woolworths select free range eggs, 9.7, 0.1KG, 3.40, 0.35KG, 1
woolworths select free range eggs, 7.1, 0.1KG, 4.99, 0.7KG, 1
macro organic eggs, 17.9, 0.1KG, 5.36, 0.3KG, 1
organic egg farmers organic free range eggs, 15.3, 0.1KG, 9.04, 0.59KG, 1
southern highland organic eggs, 17.9, 0.1KG, 5.36, 0.3KG, 1
southern highland organic eggs, 12.3, 0.1KG, 8.59, 0.7KG, 1
sunny queen organic free range eggs, 14.5, 0.1KG, 7.99, 0.55KG, 1
evergreen fresh noodles fine, 6.9, 0.1KG, 3.44, 0.5KG, 1
evergreen fresh noodles fried, 9.8, 0.1KG, 3.44, 0.35KG, 1
evergreen fresh noodles stir fry, 6.9, 0.1KG, 3.44, 0.5KG, 1
fantastic fresh noodles chow mein, 10.7, 0.1KG, 3.75, 0.35KG, 1
fantastic fresh noodles gluten free hokkien, 8.3, 0.1KG, 3.75, 0.45KG, 1
fantastic fresh noodles hokkien, 6.4, 0.1KG, 2.86, 0.45KG, 1
fantastic fresh noodles thin hokkien, 6.4, 0.1KG, 2.86, 0.45KG, 1
fresh banquet lasagne, 7.5, 0.1KG, 14.99, 2kg, 1
golden pasta gnocchi potato, 11.4, 0.1KG, 5.70, 0.5KG, 1
golden wholemeal gnocchi potato, 11.3, 0.1KG, 5.67, 0.5KG, 1
latina agnolotti basil pesto and parmesan, 8.0, 0.1KG, 5.00, 0.625KG, 1
latina agnolotti spinach and ricotta, 17.2, 0.1KG, 6.45, 0.375KG, 1
latina agnolotti spinach and ricotta, 8.0, 0.1KG, 5.00, 0.625KG, 1
latina kids ravioli cheese and vegetable, 20.5, 0.1KG, 4.09, 0.2KG, 1
latina kids ravioli beef and vegetable, 20.5, 0.1KG, 4.09, 0.2KG, 1
latina lasagne, 13.3, 0.1KG, 5.00, 0.375KG, 1
latina pasta pumpkin and feta agnolotti, 8.0, 0.1KG, 5.00, 0.625KG, 1
latina pasta pumpkin cappelletti, 23.2, 0.1KG, 6.50, 0.28KG, 1
latina pasta sauce cheese bacon mushroom, 6.4, 0.1KG, 2.72, 0.425KG, 1
latina pasta sauce creamy carbonara, 6.4, 0.1KG, 2.72, 0.425KG, 1
latina pasta sauce creamy carbonara, 9.9, 0.1KG, 6.93, 0.7KG, 1
nevana pizza base, 7.1, 0.1KG, 5.00, 0.7KG, 1
woolworths gold pizza base traditional, 11.7, 0.1KG, 6.99, 0.6KG, 1
picasso pizza dough tub, 8.6, 0.1KG, 2.14, 0.25KG, 1
woolworths free from gluten pizza dough, 10.0, 0.1KG, 3.21, 0.32KG, 1
dagostino prepared pizza supreme, NA, NA, 4.99, 0.47KG, 1
della rosa prepared pizza char grilled chicken, 16.3, 0.1KG, 7.49, 0.46KG, 1
della rosa prepared pizza pesto margherita, 16.3, 0.1KG, 7.49, 0.46KG, 1
della rosa prepared pizza pumpkin and fetta, 16.3, 0.1KG, 7.49, 0.46KG, 1
della rosa prepared pizza spicy italian, 16.3, 0.1KG, 7.49, 0.46KG, 1
della rosa prepared pizza tandoori chicken, 16.3, 0.1KG, 7.49, 0.46KG, 1
bean supreme gluten free roasted garlic sausage, 25.03, 1kg, 7.51, 0.3KG, 1
bean supreme mushroom burger, 25.03, 1kg, 7.51, 0.3KG, 1
bean supreme tofu ginger and honey marinated, 30.0, 0.1KG, 7.51, 0.25KG, 1
blackswan chia blueberry and coconut, 11.4, 0.1KG, 4.29, 0.375KG, 1
emilys kitchen angus steak and ale cassserole with creamy mashed..., 22.8, 0.1KG, 7.99, 0.35KG, 1
emilys kitchen bangers and mash, 26.5, 0.1KG, 10.59, 0.4KG, 1
emilys kitchen beef stroganoff, 28.6, 0.1KG, 8.59, 0.3KG, 1
emilys kitchen beef stroganoff with rice, 22.8, 0.1KG, 7.99, 0.35KG, 1
latina pasta sauce creamy sundried tomato, 6.4, 0.1KG, 2.72, 0.425KG, 1
latina pasta sauce five vegetable, 6.4, 0.1KG, 2.72, 0.425KG, 1
latina pasta sauce italian tomato and garlic, 9.9, 0.1KG, 6.93, 0.7KG, 1
latina pasta sauce italian tomato and garlic, 6.4, 0.1KG, 2.72, 0.425KG, 1
latina ravioli beef, 17.2, 0.1KG, 6.45, 0.375KG, 1
latina ravioli beef, 8.0, 0.1KG, 5.00, 0.625KG, 1
latina ravioli roast chicken and garlic, 17.2, 0.1KG, 6.45, 0.375KG, 1
latina ravioli roast chicken and garlic, 8.0, 0.1KG, 5.00, 0.625KG, 1
latina tortellini veal, 8.0, 0.1KG, 5.00, 0.625KG, 1
latina tortellini veal mixed, 17.2, 0.1KG, 6.45, 0.375KG, 1
latina fresh capeletti mushroom onion and feta, 23.2, 0.1KG, 6.50, 0.28KG, 1
latina fresh capelletti prosciutto ricotta and basil, 23.2, 0.1KG, 6.50, 0.28KG, 1
latina fresh linguine chilli and garlic, 20.2, 0.1KG, 6.07, 0.3KG, 1
latina fresh pappardelle basil and cracked pepper, 20.2, 0.1KG, 6.07, 0.3KG, 1
latina fresh stir-through sauce basil and cashew pesto, 28.1, 0.1KG, 6.18, 0.22KG, 1
latina fresh stir-through sauce chorizo and chilli, 20.6, 0.1KG, 6.18, 0.3KG, 1
leggos fresh agnolotti chicken mozzarella and napoli, 13.0, 0.1KG, 8.17, 0.63KG, 1
leggos fresh ravioli roasted pumpkin and feta, 14.7, 0.1KG, 5.30, 0.36KG, 1
leggos pasta sauce bolognese, 12.0, 0.1KG, 6.29, 0.525KG, 1
leggos pasta sauce bolognese, 10.0, 0.1KG, 3.40, 0.34KG, 1
leggos pasta sauce napoli, 12.0, 0.1KG, 6.29, 0.54KG, 1
leggos pasta sauce napoli, 10.0, 0.1KG, 3.40, 0.34KG, 1
leggos ravioli beef tomato and parmesan, 14.7, 0.1KG, 5.30, 0.36KG, 1
leggos ravioli beef tomato and parmesan, 13.0, 0.1KG, 8.17, 0.63KG, 1
leggos ravioli roasted pumpkin and feta, 13.0, 0.1KG, 8.17, 0.63KG, 1
leggos stir through sauce pumpkin and chive, 20.6, 0.1KG, 6.18, 0.3KG, 1
leggos tortellini ricotta and roast veg, 13.0, 0.1KG, 8.17, 0.63KG, 1
picasso pasta sauce boscaiola, 23.3, 0.1KG, 6.29, 0.27KG, 1
picasso pasta sauce broccolini and ricotta, 22.6, 0.1KG, 6.34, 0.28KG, 1
picasso pasta sauce chicken basil and pesto, 22.6, 0.1KG, 6.34, 0.28KG, 1
san remo fettuccine traditional egg, 10.9, 0.1KG, 4.09, 0.375KG, 1
vero fettuccine, 8.6, 0.1KG, 4.29, 0.5KG, 1
vero fettuccine wholemeal, 15.3, 0.1KG, 3.82, 0.25KG, 1
vero linguine, 10.8, 0.1KG, 2.69, 0.25KG, 1
woolworth select lasagne beef, 13.7, 0.1KG, 10.99, 0.8KG, 1
woolworths lasagne beef reduced fat, 19.0, 0.1KG, 7.59, 0.4KG, 1
woolworths lasagne pasta bake penne and beef, 9.8, 0.1KG, 13.75, 1.4kg, 1
woolworths lasagne pasta bake spaghetti meatball, 9.8, 0.1KG, 13.75, 1.4kg, 1
woolworths yummy meals for kids spaghetti cannon balls, 20.9, 0.1KG, 4.59, 0.22KG, 1
woolworths beef organic singapore noodles, 5.3, 0.1KG, 1.99, 0.375KG, 1
woolworths select agnolotti ricotta and spinach, 12.7, 0.1KG, 3.82, 0.3KG, 1
woolworths select agnolotti ricotta and spinach, 10.7, 0.1KG, 6.44, 0.6KG, 1
woolworths select beef ravioli, 12.7, 0.1KG, 3.82, 0.3KG, 1
woolworths select fresh noodles hokkien, 5.0, 0.1KG, 2.49, 0.5KG, 1
woolworths select lasagne sheets sheets, 8.7, 0.1KG, 4.35, 0.5KG, 1
woolworths select penne, 10.8, 0.1KG, 2.69, 0.25KG, 1
woolworths select spaghetti, 8.6, 0.1KG, 4.29, 0.5KG, 1
woolworths select spirali, 10.8, 0.1KG, 2.69, 0.25KG, 1
woolworths select fresh lasagne beef, 19.0, 0.1KG, 7.59, 0.4KG, 1
woolworths select fresh lasagne vegetable, 18.7, 0.1KG, 7.49, 0.4KG, 1
agb garlic bread mini's, 9.1, 0.1KG, 3.00, 0.328KG, 1
homebrand garlic bread, 4.5, 0.1KG, 2.03, 0.45KG, 1
la famiglia garlic bread, 9.6, 0.1KG, 4.78, 0.5KG, 1
la famiglia garlic bread, 10.0, 0.1KG, 4.00, 0.4KG, 1
la famiglia garlic bread cheesy, 12.9, 0.1KG, 5.27, 0.41KG, 1
la famiglia garlic bread ciabatta, 17.2, 0.1KG, 5.68, 0.33KG, 1
la famiglia garlic bread entertainer slices, 12.2, 0.1KG, 5.50, 0.45KG, 1
la famiglia garlic bread lite, 27.2, 0.1KG, 4.62, 0.17KG, 1
la famiglia garlic bread slices, 20.5, 0.1KG, 5.54, 0.27KG, 1
la famiglia garlic bread sourdough, 14.1, 0.1KG, 6.77, 0.48KG, 1
la famiglia garlic bread stonebaked olive oil garlic, 22.6, 0.1KG, 7.47, 0.33KG, 1
la famiglia garlic bread turkish, 10.7, 0.1KG, 2.95, 0.275KG, 1
la famiglia herb bread, 10.0, 0.1KG, 4.00, 0.4KG, 1
la famiglia herb bread pan style slices, 12.7, 0.1KG, 5.70, 0.45KG, 1
la famiglia herb bread parmesan and onion, 16.5, 0.1KG, 6.77, 0.41KG, 1
woolworths garlic bread herb, 8.1, 0.1KG, 3.39, 0.42KG, 1
woolworths garlic bread loaf, 8.1, 0.1KG, 3.39, 0.42KG, 1
woolworths deli express capsicum strips marinated, 22.1, 0.1KG, 3.98, 0.18KG, 1
woolworths select coleslaw, 18.4, 0.1KG, 4.59, 0.25KG, 1
woolworths select coleslaw, 18.1, 0.1KG, 1.99, 0.11KG, 1
woolworths fresh coleslaw salad, 10.0, 0.1KG, 7.98, 0.8KG, 1
woolworths fresh coleslaw salad, 14.2, 0.1KG, 5.69, 0.4KG, 1
woolworths select coleslaw salad, 14.2, 0.1KG, 5.69, 0.4KG, 1
woolworths deli express fresh mix antipasto selection, 22.7, 0.1KG, 3.98, 0.175KG, 1
woolworths deli express fresh mix greek selection, 22.1, 0.1KG, 3.98, 0.18KG, 1
street food international salad thai chicken curry and rice, 20.9, 0.1KG, 6.49, 0.31KG, 1
woolworths fresh mashed potato with garlic, 12.6, 0.1KG, 6.00, 0.475KG, 1
woolworths deli express olives green with chilli and garlic, 21.5, 0.1KG, 3.98, 0.185KG, 1
woolworths deli express olives kalamata pitted balsamic, 21.5, 0.1KG, 3.98, 0.185KG, 1
woolworths deli express olives mediterranean pitted mixed, 21.5, 0.1KG, 3.98, 0.185KG, 1
woolworths deli express olives mixed gourmet, 17.30, 1kg, 5.19, 0.3KG, 1
woolworths deli express olives stuffed with fetta, 21.5, 0.1KG, 3.98, 0.185KG, 1
woolworths fresh pasta salad, 10.0, 0.1KG, 7.98, 0.8KG, 1
woolworths fresh pasta salad pesto and chicken, 18.6, 0.1KG, 6.99, 0.375KG, 1
woolworths fresh pasta salad thai style quinoa, 17.5, 0.1KG, 6.99, 0.4KG, 1
woolworths select pasta salad, 14.2, 0.1KG, 5.69, 0.4KG, 1
woolworths select pasta salad, 18.4, 0.1KG, 4.59, 0.25KG, 1
woolworths select pasta salad, 18.1, 0.1KG, 1.99, 0.11KG, 1
woolworths select pasta salad layered with mushrooms, 26.0, 0.1KG, 6.49, 0.25KG, 1
woolworths select potato salad german style, 14.2, 0.1KG, 5.69, 0.4KG, 1
woolworths fresh potato salad, 10.0, 0.1KG, 7.98, 0.8KG, 1
woolworths select potato salad, 14.2, 0.1KG, 5.69, 0.4KG, 1
woolworths select potato salad, 18.4, 0.1KG, 4.59, 0.25KG, 1
cp quinoa and edemame salad, 20.0, 0.1KG, 4.99, 0.25KG, 1
woolworths salad layered cous cous, 26.0, 0.1KG, 6.49, 0.25KG, 1
woolworths salad layered tomato and bocconcini, 26.0, 0.1KG, 6.49, 0.25KG, 1
woolworths select salad pumpkin cous cous, 17.5, 0.1KG, 6.99, 0.4KG, 1
woolworths select salad wild rice and fetta, 17.5, 0.1KG, 6.99, 0.4KG, 1
woowlorths select salad tomato cous cous, 17.5, 0.1KG, 6.99, 0.4KG, 1
woolworths select tabouleh, 26.2, 0.1KG, 4.59, 0.175KG, 1
macro tofu malaysian vegetarian, 21.45, 1kg, 4.29, 0.2KG, 1
woolworths deli express tomatoes semi dried, 22.1, 0.1KG, 3.98, 0.18KG, 1
woolworths deli express tomatoes semi dried low fat, 22.1, 0.1KG, 3.98, 0.18KG, 1
cp vegetable harissa spiced chickpea salad, 20.0, 0.1KG, 4.99, 0.25KG, 1
aussie farmers bacon middle rashers, 15.04, 1kg, 11.28, 0.75KG, 1
don bacon diced, 21.44, 1kg, 5.36, 0.25KG, 1
dorsogna bacon short cut rindless, 12.91, 1kg, 9.68, 0.75KG, 1
dorsogna bacon streaky, 24.15, 1kg, 4.83, 0.2KG, 1
dorsogna streaky bacon, 17.58, 1kg, 8.79, 0.5KG, 1
hans bacon middle rind on, 9.99, 1kg, 9.99, 1kg, 1
hans bacon short cut rindless, 18.64, 1kg, 13.98, 0.75KG, 1
hans oliving bacon rindless pan-sized, 23.27, 1kg, 6.98, 0.3KG, 1
homebrand bacon middle cut rashers, 11.56, 1kg, 2.89, 0.25KG, 1
homebrand bacon middle rashers, 8.27, 1kg, 8.27, 1kg, 1
homebrand bacon shoulder rindless, 7.87, 1kg, 5.90, 0.75KG, 1
kr castlemaine bred free bacon middle, 34.17, 1kg, 5.98, 0.175KG, 1
kr castlemaine bred free bacon shortcut, 45.60, 1kg, 5.70, 0.125KG, 1
kr castlemaine eye rasher bacon premium australian, 19.38, 1kg, 9.69, 0.25KG, 1
primo bacon lean shortcut, 25.77, 1kg, 9.02, 0.35KG, 1
primo bacon middle beechwood, 24.28, 1kg, 6.07, 0.25KG, 1
primo bacon pieces twin pack, 16.13, 1kg, 4.84, 0.3KG, 1
primo bacon short cut rindless, 35.31, 1kg, 6.18, 0.175KG, 1
primo free range middle bacon, 26.55, 1kg, 5.31, 0.2KG, 1
weight watchers bacon 98% fat free, 56.00, 1kg, 7.00, 0.125KG, 1
woolworths select bacon short cut rindless, 26.34, 1kg, 4.61, 0.175KG, 1
woolworths select bacon short cut rindless, 20.09, 1kg, 7.03, 0.35KG, 1
woolworths select bacon short cut rindless, 15.75, 1kg, 11.81, 0.75KG, 1
hans beef pulled, 33.33, 1kg, 5.00, 0.15KG, 1
primo roast beef thin sliced 94% fat free, 39.20, 1kg, 3.92, 0.1KG, 1
woolworths select roast beef, 32.30, 1kg, 3.23, 0.1KG, 1
primo berliner sliced, 13.30, 1kg, 6.65, 0.5KG, 1
primo cabanossi, 18.28, 1kg, 4.57, 0.25KG, 1
primo cabanossi sliced, 24.15, 1kg, 4.83, 0.2KG, 1
d'orsogna deli fresh roast chicken free range, 38.60, 1kg, 3.86, 0.1KG, 1
don chicken roast shaved, 27.08, 1kg, 6.77, 0.25KG, 1
hans chicken pulled, 33.33, 1kg, 5.00, 0.15KG, 1
hans oliving chicken breast roasted, 42.90, 1kg, 4.29, 0.1KG, 1
primo free range chicken, 37.90, 1kg, 3.79, 0.1KG, 1
woolworths select chicken breast, 23.64, 1kg, 5.91, 0.25KG, 1
woolworths select chicken breast rosemary, 40.38, 1kg, 3.23, 0.08KG, 1
woolworths select chicken sliced 97% fat free, 40.38, 1kg, 3.23, 0.08KG, 1
woolworths select chicken sweet chilli, 40.38, 1kg, 3.23, 0.08KG, 1
d'orsogna deli fresh spicy chorizo salami, 48.25, 1kg, 3.86, 0.08KG, 1
primo double pack chorizo salami bites, 59.87, 1kg, 4.49, 0.075KG, 1
primo double pack honey ham and chicken, 39.20, 1kg, 3.92, 0.1KG, 1
woolworths select double pack leg ham and chicken breast, 32.30, 1kg, 3.23, 0.05KG, 1
woolworths select double pack leg ham and turkey breast, 32.30, 1kg, 3.23, 0.05KG, 1
don footy frankfurts skinless, 9.98, 1kg, 5.99, 0.6KG, 1
mayfair frankfurts cocktail, 5.14, 1kg, 2.57, 0.5KG, 1
mayfair frankfurts slim, 4.86, 1kg, 2.43, 0.5KG, 1
d'orsogna deli fresh ham champagne leg, 38.60, 1kg, 3.86, 0.1KG, 1
d'orsogna deli fresh ham double smoked, 38.60, 1kg, 3.86, 0.1KG, 1
d'orsogna deli fresh ham honey, 38.60, 1kg, 3.86, 0.1KG, 1
d'orsogna deli fresh ham old english leg, 38.60, 1kg, 3.86, 0.1KG, 1
d'orsogna deli fresh ham premium leg, 38.60, 1kg, 3.86, 0.1KG, 1
don ham classic english, 33.85, 1kg, 6.77, 0.2KG, 1
don ham hardwood smoked, 33.85, 1kg, 6.77, 0.2KG, 1
don ham leg double smoked shaved, 27.08, 1kg, 6.77, 0.25KG, 1
don ham leg english baked shaved, 27.08, 1kg, 6.77, 0.25KG, 1
don ham leg honey roasted shaved, 27.08, 1kg, 6.77, 0.25KG, 1
don ham shaved champagne, 27.08, 1kg, 6.77, 0.25KG, 1
dorsogna ham honey leg shaved, 12.50, 1kg, 5.00, 0.4KG, 1
dorsogna ham leg shaved, 12.50, 1kg, 5.00, 0.4KG, 1
hans ham steaks, 11.63, 1kg, 3.49, 0.3KG, 1
hans oliving ham naturally smoked, 42.90, 1kg, 4.29, 0.1KG, 1
krc shoulder ham sliced, 11.79, 1kg, 11.79, per kg, 1
primo ham honey shaved, 39.20, 1kg, 3.92, 0.1KG, 1
primo ham premium lite shaved, 39.20, 1kg, 3.92, 0.1KG, 1
primo ham shredded twin pack, 12.63, 1kg, 3.79, 0.3KG, 1
primo free range ham leg, 37.90, 1kg, 3.79, 0.1KG, 1
serrano ham sliced, 49.90, 1kg, 4.99, 0.1KG, 1
tibaldi ham sliced off the bone, 21.51, 1kg, 16.13, 0.75KG, 1
tibaldi ham sliced off the bone, 32.20, 1kg, 4.83, 0.15KG, 1
woolworths select ham champagne leg, 23.64, 1kg, 5.91, 0.25KG, 1
woolworths select ham double smoked, 23.64, 1kg, 5.91, 0.25KG, 1
woolworths select ham english leg, 23.64, 1kg, 5.91, 0.25KG, 1
woolworths select ham honey, 23.64, 1kg, 5.91, 0.25KG, 1
woolworths select ham leg champagne sliced ff, 30.00, 1kg, 3.00, 0.05KG, 1
woolworths select ham leg double smoked sliced, 32.30, 1kg, 3.23, 0.05KG, 1
woolworths select ham leg honey roast sliced ff, 32.30, 1kg, 3.23, 0.05KG, 1
emilys kitchen beef tortellini with creamy mushroom sauce, 22.8, 0.1KG, 7.99, 0.35KG, 1
emilys kitchen breaded camembert, 27.5, 0.1KG, 5.49, 0.2KG, 1
emilys kitchen carbonara, 20.0, 0.1KG, 6.99, 0.35KG, 1
emilys kitchen chicken and tomato pasta bake, 14.3, 0.1KG, 9.99, 0.7KG, 1
emilys kitchen creamy mashed potato, 11.2, 0.1KG, 4.48, 0.4KG, 1
emilys kitchen lasagne beef angus, 14.3, 0.1KG, 9.99, 0.7KG, 1
emilys kitchen macaroni cheese, 20.0, 0.1KG, 6.99, 0.35KG, 1
emilys kitchen pasta bake tomato bacon and mozarella, 14.3, 0.1KG, 9.99, 0.7KG, 1
emilys kitchen penne boscaiola, 22.8, 0.1KG, 7.99, 0.35KG, 1
emilys kitchen pepper steak new york style, 26.5, 0.1KG, 10.59, 0.4KG, 1
emilys kitchen pork slow cook and mash, 26.5, 0.1KG, 10.59, 0.4KG, 1
emilys kitchen prosciutto wrapped chicken, 26.5, 0.1KG, 10.59, 0.4KG, 1
emilys kitchen roasted vegetable mash, 11.2, 0.1KG, 4.48, 0.4KG, 1
emilys kitchen rosemary lamb shanks, 18.7, 0.1KG, 14.99, 0.8KG, 1
emilys kitchen salmon fillet and rice, 26.5, 0.1KG, 10.59, 0.4KG, 1
emilys kitchen scalloped potato with bacon, 9.8, 0.1KG, 6.39, 0.65KG, 1
emilys kitchen sirloin steak diane with roasted vegetables, 26.5, 0.1KG, 10.59, 0.4KG, 1
emilys kitchen spaghetti bolognaise, 22.8, 0.1KG, 7.99, 0.35KG, 1
hans hot dogs american, 17.31, 1kg, 6.49, 0.375KG, 1
primo hot dogs premium classic, 14.64, 1kg, 5.49, 0.375KG, 1
don knob strassburg, 12.36, 1kg, 6.18, 0.5KG, 1
homebrand knob devon, 3.00, 1kg, 3.00, 1kg, 1
homebrand knob ham and chicken, 3.00, 1kg, 3.00, 1kg, 1
inghams knob chicken roll, 12.48, 1kg, 3.12, 0.25KG, 1
primo pancetta diced, 47.20, 1kg, 4.72, 0.1KG, 1
primo choice pancetta, 75.10, 1kg, 7.51, 0.1KG, 1
primo pastrami brisket, 69.80, 1kg, 6.98, 0.1KG, 1
woolworths select pastrami, 32.30, 1kg, 3.23, 0.1KG, 1
hans pork pulled, 33.33, 1kg, 5.00, 0.15KG, 1
primo choice prosciutto, 64.90, 1kg, 6.49, 0.1KG, 1
woolworths select prosciutto sliced, 57.90, 1kg, 5.79, 0.1KG, 1
d'orsogna deli fresh mild salami, 48.25, 1kg, 3.86, 0.08KG, 1
don salami sliced pepperoni, 45.00, 1kg, 4.50, 0.1KG, 1
hans oliving salami hungarian, 42.90, 1kg, 4.29, 0.1KG, 1
primo salami danish traditional thin sliced, 39.20, 1kg, 3.92, 0.1KG, 1
primo salami hungarian trad thin sliced, 39.20, 1kg, 3.92, 0.1KG, 1
primo salami mild bites, 59.87, 1kg, 4.49, 0.075KG, 1
woolworths select salami danish, 32.30, 1kg, 3.23, 0.1KG, 1
woolworths select salami hungarian hot, 32.30, 1kg, 3.23, 0.1KG, 1
woolworths select salami hungarian mild, 32.30, 1kg, 3.23, 0.1KG, 1
hans oliving sausage polish, 11.38, 1kg, 5.69, 0.5KG, 1
hans oliving turkey breast roasted, 42.90, 1kg, 4.29, 0.1KG, 1
primo turkey breast thin sliced 97% ff, 39.20, 1kg, 3.92, 0.1KG, 1
woolworths select turkey sliced 97% fat free, 40.38, 1kg, 3.23, 0.08KG, 1
dorsogna twiggy tasty sticks mild, 28.45, 1kg, 5.69, 0.2KG, 1
oliving by hans twiggy mild sticks, 29.50, 1kg, 5.90, 0.2KG, 1
macro soy bites lime chilli coriander, 22.30, 1kg, 4.46, 0.2KG, 1
macro tofu certified organic, 11.12, 1kg, 2.78, 0.25KG, 1
macro tofu certified organic, 9.36, 1kg, 4.68, 0.5KG, 1
macro tofu chinese honey soy, 21.45, 1kg, 4.29, 0.2KG, 1
macro tofu korean bbq, 22.30, 1kg, 4.46, 0.2KG, 1
macro tofu teriyaki, 22.30, 1kg, 4.46, 0.2KG, 1
macro tofu thai, 21.45, 1kg, 4.29, 0.2KG, 1
emilys kitchen spinach and ricotta cannelloni, 14.3, 0.1KG, 9.99, 0.7KG, 1
emilys kitchen spinach and ricottatortellini with napolitana sauce, 22.8, 0.1KG, 7.99, 0.35KG, 1
emilys kitchen steakhouse beef with mushroom sauce, 26.5, 0.1KG, 10.59, 0.4KG, 1
emilys kitchen tomato and barley lamb shanks, 18.7, 0.1KG, 14.99, 0.8KG, 1
emilys kitchen tuna pasta bake, 14.3, 0.1KG, 9.99, 0.7KG, 1
hedy's quiche roast pumpkin fetta and onion, 12.3, 0.1KG, 13.49, 1.1kg, 1
hedys quiche leek and bacon, 12.3, 0.1KG, 13.49, 1.1kg, 1
italian steam ready meals chicken alfredo fetucinne, 20.0, 0.1KG, 7.99, 0.4KG, 1
italian steam ready meals chilli prawn linguine, 20.0, 0.1KG, 7.99, 0.4KG, 1
italian steam ready meals porcini mushroom linguine, 20.0, 0.1KG, 7.99, 0.4KG, 1
leggos ricotta and roast vegetables tortillini, 15.8, 0.1KG, 5.70, 0.36KG, 1
pasta master beef lasagne, 10.38, 1kg, 13.49, 1.3kg, 1
pasta master lasagne beef 97% fat free, 12.49, 1kg, 12.49, 1kg, 1
picasso tomato olive capers and chilli sauce, 19.8, 0.1KG, 6.34, 0.32KG, 1
pitango risotto chicken garlic, 17.2, 0.1KG, 8.59, 0.5KG, 1
pitango risotto pumpkin leek, 17.2, 0.1KG, 8.59, 0.5KG, 1
spice and passion jasmine rice, 10.0, 0.1KG, 2.99, 0.3KG, 1
spice and passion thai chicken satay, 21.3, 0.1KG, 7.44, 0.35KG, 1
spice and passion thai massaman beef, 20.0, 0.1KG, 7.00, 0.35KG, 1
spice and passion thai red chicken, 20.0, 0.1KG, 7.00, 0.35KG, 1
street food fajita, 20.9, 0.1KG, 6.49, 0.31KG, 1
street food pad thai, 22.4, 0.1KG, 6.49, 0.29KG, 1
supreme foods roti mini, 23.9, 0.1KG, 2.99, 0.125KG, 1
tck chicken adobo sauce with rice, 20.0, 0.1KG, 6.99, 0.35KG, 1
tck chilli con carne with rice, 20.0, 0.1KG, 6.99, 0.35KG, 1
the chia co chia coffee bean, 10.8, 0.1KG, 1.84, 0.17KG, 1
the chia co chia pod banana, 10.8, 0.1KG, 1.84, 0.17KG, 1
the chia co chia pod blueberry, NA, NA, 1.84, 0.17KG, 1
the chia co chia pod brch muesli ornge brzl nut, 13.0, 0.1KG, 2.85, 0.2KG, 1
the chia co chia pod brch muesli pistach cran, 13.0, 0.1KG, 2.85, 0.2KG, 1
the chia co chia pod dark cacao, NA, NA, 1.84, 0.17KG, 1
the chia co chia pod mango, 10.8, 0.1KG, 1.84, 0.17KG, 1
the chia co chia pod vanilla bean and cinnamon, 10.8, 0.1KG, 1.84, 0.17KG, 1
the chia co chia pod wet oats apple splice, 9.0, 0.1KG, 1.99, 0.22KG, 1
the chia co chia wet oats mixed berry, 9.0, 0.1KG, 1.99, 0.22KG, 1
the city kitchen meatballs in sauce with rice, 20.0, 0.1KG, 6.99, 0.35KG, 1
woolworths chicken curry with rice, 20.0, 0.1KG, 7.00, 0.35KG, 1
woolworths pakoras vegetable, 29.9, 0.1KG, 5.98, 0.2KG, 1
woolworths raita cucumber and mint, 19.9, 0.1KG, 2.99, 0.15KG, 1
woolworths samosas lamb, 24.9, 0.1KG, 5.98, 0.24KG, 1
woolworths select basmati rice, 10.0, 0.1KG, 2.99, 0.3KG, 1
woolworths select beef burrito, 13.98, 1kg, 6.99, 0.5KG, 1
woolworths select beef madras, 20.0, 0.1KG, 7.99, 0.4KG, 1
woolworths select bites chicken tikka, 30.0, 0.1KG, 5.99, 0.2KG, 1
woolworths select butter chicken, 20.0, 0.1KG, 7.99, 0.4KG, 1
woolworths select butter chicken and rice, 20.0, 0.1KG, 6.99, 0.35KG, 1
woolworths select chicken korma, 20.0, 0.1KG, 7.99, 0.4KG, 1
woolworths select chicken tikka masala, 20.0, 0.1KG, 7.99, 0.4KG, 1
woolworths select chicken and leek risotto, 13.3, 0.1KG, 3.99, 0.3KG, 1
woolworths select chicken korma and rice, 20.0, 0.1KG, 6.99, 0.35KG, 1
woolworths select chicken tikka masala and rice, 20.0, 0.1KG, 6.99, 0.35KG, 1
woolworths select fresh naan bread, 16.6, 0.1KG, 2.99, 0.18KG, 1
woolworths select fresh naan bread garlic, 16.6, 0.1KG, 2.99, 0.18KG, 1
woolworths select lamb rogan josh and rice, 20.0, 0.1KG, 6.99, 0.35KG, 1
woolworths select lasagne beef, 9.2, 0.1KG, 14.79, 1.6kg, 1
woolworths select lasagne beef quick cook, 6.00, 1kg, 12.00, 2kg, 1
woolworths select lasagne beef quick cook, 13.98, 1kg, 6.99, 0.5KG, 1
woolworths select mango chicken and rice, 20.0, 0.1KG, 6.99, 0.35KG, 1
woolworths select meal bbq combo pack, 17.6, 0.1KG, 14.99, 0.85KG, 1
woolworths select meal beef with bourbon glaze, 18.3, 0.1KG, 10.99, 0.6KG, 1
woolworths select pumpkin parmesan risotto, 13.3, 0.1KG, 3.99, 0.3KG, 1
woolworths select tomato and basil risotto, 13.3, 0.1KG, 3.99, 0.3KG, 1
woolworths select vegetable and parmesan risotto, 13.3, 0.1KG, 3.99, 0.3KG, 1
yumis falafel balls pouch bag, 26.76, 1kg, 6.02, 0.225KG, 1
yummy meals bangers bangers and mash, 20.9, 0.1KG, 4.59, 0.22KG, 1
yummy meals chicken curry jungle rice, 20.9, 0.1KG, 4.59, 0.22KG, 1
created with jamie soup cauliflower and cheese, 19.3, 0.1KG, 5.79, 0.3KG, 1
created with jamie soup seafood chowder, 19.3, 0.1KG, 5.79, 0.3KG, 1
created with jamie soup smoked potato and chorizo, 19.3, 0.1KG, 5.79, 0.3KG, 1
organic soup chicken and leek, 15.0, 0.1KG, 4.49, 0.3KG, 1
organic soup creamy pumpkin, 15.0, 0.1KG, 4.49, 0.3KG, 1
organic soup spicy roasted capsicum tomato, 15.0, 0.1KG, 4.49, 0.3KG, 1
organic soup sweet potato and quinoa, 15.0, 0.1KG, 4.49, 0.3KG, 1
organic soup vegetables and fresh lentils, 15.0, 0.1KG, 4.49, 0.3KG, 1
pitango organic soup pumpkin ginger, 12.7, 0.1KG, 7.59, 0.6KG, 1
pitango organic soup spring lamb, 12.7, 0.1KG, 7.59, 0.6KG, 1
pitango soup free range chicken and veg, 12.7, 0.1KG, 7.59, 0.6KG, 1
pitango soup free range chicken miso, 12.7, 0.1KG, 7.59, 0.6KG, 1
woolworths select soup asian style chicken and corn, 12.6, 0.1KG, 3.79, 0.3KG, 1
woolworths select soup creamy pumpkin, 12.6, 0.1KG, 3.79, 0.3KG, 1
woolworths select soup hearty tomato lentil and bacon, 12.6, 0.1KG, 3.79, 0.3KG, 1
woolworths select soup homestyle beef and vegetable, 12.6, 0.1KG, 3.79, 0.3KG, 1
woolworths select soup homestyle chicken and vegetable, 12.6, 0.1KG, 3.79, 0.3KG, 1
woolworths select soup homestyle lamb and barley, 12.6, 0.1KG, 3.79, 0.3KG, 1
woolworths select soup malaysian style chicken laksa, 12.6, 0.1KG, 3.79, 0.3KG, 1
woolworths select soup pea and ham, 12.6, 0.1KG, 3.79, 0.3KG, 1
woolworths select soup sweet potato and pumpkin, 12.6, 0.1KG, 3.79, 0.3KG, 1
woolworths select soup thai chicken, 12.6, 0.1KG, 3.79, 0.3KG, 1
woolworths select soup traditional minestrone, 12.6, 0.1KG, 3.79, 0.3KG, 1
woolworths select soup vegetable quinoa minestrone, 12.6, 0.1KG, 3.79, 0.3KG, 1
black swan aussie dip 4x100g, 17.2, 0.1KG, 6.86, 0.4KG, 1
black swan avocado with sea salt, 21.5, 0.1KG, 4.29, 0.2KG, 1
black swan dip caramelised onion and fresh dill, 21.5, 0.1KG, 4.29, 0.2KG, 1
black swan dip farmer's best potato and cashew, 21.5, 0.1KG, 4.29, 0.2KG, 1
black swan dip wellbeing no fat tzatziki, 21.5, 0.1KG, 4.29, 0.2KG, 1
black swan dips aussie sweet potato, 17.5, 0.1KG, 3.49, 0.2KG, 1
black swan dips farmer's best pumpkin and fetta, 21.5, 0.1KG, 4.29, 0.2KG, 1
black swan dips moroccan pumpkin, 17.5, 0.1KG, 3.49, 0.2KG, 1
black swan dips pop up smashed peas and bacon, 17.5, 0.1KG, 3.49, 0.2KG, 1
black swan dips pop up sweet n spicy, 21.5, 0.1KG, 4.29, 0.2KG, 1
black swan farmer's best dip bacon and onion, 21.5, 0.1KG, 4.29, 0.2KG, 1
black swan farmer's best dip guacamole, 21.5, 0.1KG, 4.29, 0.2KG, 1
black swan farmers best dip beetroot tzatziki, 21.5, 0.1KG, 4.29, 0.2KG, 1
black swan farmers best dip best salmon, 21.5, 0.1KG, 4.29, 0.2KG, 1
black swan farmers best dip best spinach and fetta, 21.5, 0.1KG, 4.29, 0.2KG, 1
black swan farmers best dip caramelized onion, 21.5, 0.1KG, 4.29, 0.2KG, 1
black swan farmers best dip hommus with garlic, 21.5, 0.1KG, 4.29, 0.2KG, 1
black swan farmers best dip roast garlic tzatziki, 21.5, 0.1KG, 4.29, 0.2KG, 1
ocean blue bilinis mini, 26.15, 1kg, 5.36, 0.205KG, 1
holland house caviar black, 121.40, 1kg, 6.07, 0.05KG, 1
ocean blue crab meat, 53.50, 1kg, 7.49, 0.14KG, 1
holland house matjes fillets, 21.44, 1kg, 5.36, 0.25KG, 1
de costi australian mussels black, 9.99, 1kg, 9.99, 1kg, 1
talleys chilled mussels marinated garlic, 18.64, 1kg, 6.99, 0.375KG, 1
talleys chilled mussels marinated plain, 18.64, 1kg, 6.99, 0.375KG, 1
ocean blue ocean trout, 79.80, 1kg, 3.99, 0.05KG, 1
ocean blue ocean trout natural, 59.00, 1kg, 5.90, 0.1KG, 1
ocean blue ocean trout smoked, 49.90, 1kg, 4.99, 0.1KG, 1
marinated octopus, 39.97, 1kg, 11.99, 0.3KG, 1
de costi raw prawn meat, 36.63, 1kg, 10.99, 0.3KG, 1
de costi prawns garlic, 36.63, 1kg, 10.99, 0.3KG, 1
holland house rollmops marinated, 12.88, 1kg, 6.44, 0.5KG, 1
australian seafood salad chilled premium gourmet, 16.99, 1kg, 16.99, per kg, 1
de costi fresh salad seafood salad, 21.31, 1kg, 7.99, 0.375KG, 1
de costi salmon fillets skin on, 43.30, 1kg, 12.99, 0.3KG, 1
de costi salmon fillets with mustard and dillv, 46.63, 1kg, 13.99, 0.3KG, 1
de costi fresh salmon with japanese bbq sauce, 46.63, 1kg, 13.99, 0.3KG, 1
huon salmon smoked portion, 71.60, 1kg, 10.74, 0.15KG, 1
huon salmon smoked sliced, 85.90, 1kg, 8.59, 0.1KG, 1
huon atlantic salmon skin on, 42.82, 1kg, 11.99, 0.28KG, 1
ocean blue salmon organic smoked, 85.90, 1kg, 8.59, 0.1KG, 1
ocean blue salmon smoked, 85.80, 1kg, 4.29, 0.05KG, 1
ocean blue salmon smoked, 53.67, 1kg, 9.66, 0.18KG, 1
ocean blue salmon smoked, 49.90, 1kg, 4.99, 0.1KG, 1
ocean blue salmon smoked, 39.97, 1kg, 11.99, 0.3KG, 1
superior gold salmon hot smoked aioli, 58.05, 1kg, 10.74, 0.185KG, 1
superior gold salmon smoked, 64.45, 1kg, 12.89, 0.2KG, 1
superior gold salmon smoked, 85.90, 1kg, 8.59, 0.1KG, 1
superior gold salmon smoked connoissuer cuts, 64.40, 1kg, 6.44, 0.1KG, 1
superior gold salmon smoked gravalax mustard dill, 71.56, 1kg, 9.66, 0.135KG, 1
superior gold salmon tomato and chili, 58.05, 1kg, 10.74, 0.185KG, 1
tassal salmon for cooking, 29.95, 1kg, 5.99, 0.2KG, 1
tassal salmon smoked, 53.70, 1kg, 16.11, 0.3KG, 1
tassal salmon supreme smoked sliced, 64.40, 1kg, 6.44, 0.1KG, 1
tassal pure tasmanian salmon smoked sliced, 55.30, 1kg, 11.06, 0.2KG, 1
tassal smoked salmon salt reduced, 61.00, 1kg, 5.49, 0.09KG, 1
woolworths gold salmon smoked, 40.00, 1kg, 16.00, 0.4KG, 1
woolworths gold fresh smoked salmon, 85.90, 1kg, 8.59, 0.1KG, 1
woolworths select salmon smoked, 59.00, 1kg, 5.90, 0.1KG, 1
woolworths select salmon smoked thick cut, 48.30, 1kg, 9.66, 0.2KG, 1
woolworths select smoked salmon hot natural, 57.27, 1kg, 8.59, 0.15KG, 1
woolworths select smoked salmon hot pepper, 57.27, 1kg, 8.59, 0.15KG, 1
woolworths select smoked salmon wafer thin, 85.80, 1kg, 4.29, 0.05KG, 1
de costi fresh squid lime chilli and sweet basil, 26.63, 1kg, 7.99, 0.3KG, 1
de costi fresh squid salt and pepper, 29.59, 1kg, 7.99, 0.27KG, 1
ocean blue surimi sea sticks, 19.93, 1kg, 2.99, 0.15KG, 1
clearly premium ocean trout smoked, 43.30, 1kg, 12.99, 0.3KG, 1
smoked rainbow trout hot smoked, 28.54, 1kg, 9.99, 0.35KG, 1
de costi whiting fillets crumbed, 34.51, 1kg, 9.49, 0.275KG, 1
